2026-04-28 10:02:19.128 | INFO     | __main__:main:13 - === Phase 1: DB 초기화 시작 ===
2026-04-28 10:02:19.129 | INFO     | __main__:main:15 - 1. 테이블 생성 중...
2026-04-28 10:13:05.250 | INFO     | __main__:main:13 - === Phase 1: DB 초기화 시작 ===
2026-04-28 10:13:05.250 | INFO     | __main__:main:15 - 1. 테이블 생성 중...
2026-04-28 10:13:05.294 | INFO     | src.database.connection:_setup_timescaledb:68 - TimescaleDB hypertable already exists
2026-04-28 10:13:05.295 | INFO     | src.database.connection:init_db:40 - Database initialized successfully
2026-04-28 10:13:05.296 | INFO     | __main__:main:18 - 2. S&P 500 종목 목록 동기화 중...
2026-04-28 10:13:48.828 | INFO     | __main__:main:13 - === Phase 1: DB 초기화 시작 ===
2026-04-28 10:13:48.828 | INFO     | __main__:main:15 - 1. 테이블 생성 중...
2026-04-28 10:13:48.864 | INFO     | src.database.connection:_setup_timescaledb:68 - TimescaleDB hypertable already exists
2026-04-28 10:13:48.865 | INFO     | src.database.connection:init_db:40 - Database initialized successfully
2026-04-28 10:13:48.865 | INFO     | __main__:main:18 - 2. S&P 500 종목 목록 동기화 중...
2026-04-28 10:13:49.602 | INFO     | src.data_collection.sp500_universe:fetch_sp500_tickers:47 - Fetched 503 S&P 500 tickers from Wikipedia
2026-04-28 10:13:49.747 | INFO     | src.data_collection.sp500_universe:sync_universe_to_db:102 - Universe sync complete — inserted=503, updated=0, deactivated=0
2026-04-28 10:13:49.747 | INFO     | __main__:main:20 -    결과: {'inserted': 503, 'updated': 0, 'deactivated': 0}
2026-04-28 10:13:49.747 | INFO     | __main__:main:22 - === DB 초기화 완료 ===
2026-04-28 10:13:59.456 | INFO     | __main__:main:24 - 수집 대상: 503개 종목, 기간: 2010-01-01 ~ 오늘
2026-04-28 10:13:59.456 | INFO     | src.data_collection.collector:collect_all:51 - Batch 1/11: 50 tickers
2026-04-28 10:14:15.550 | DEBUG    | src.data_collection.collector:_collect_single:122 - A: inserted=4103, updated=0
2026-04-28 10:14:21.929 | DEBUG    | src.data_collection.collector:_collect_single:122 - AAPL: inserted=4103, updated=0
2026-04-28 10:14:26.276 | DEBUG    | src.data_collection.collector:_collect_single:122 - ABBV: inserted=3349, updated=0
2026-04-28 10:14:28.643 | DEBUG    | src.data_collection.collector:_collect_single:122 - ABNB: inserted=1349, updated=0
2026-04-28 10:14:35.026 | DEBUG    | src.data_collection.collector:_collect_single:122 - ABT: inserted=4103, updated=0
2026-04-28 10:14:39.753 | DEBUG    | src.data_collection.collector:_collect_single:122 - ACGL: inserted=4103, updated=0
2026-04-28 10:14:44.971 | DEBUG    | src.data_collection.collector:_collect_single:122 - ACN: inserted=4103, updated=0
2026-04-28 10:14:49.963 | DEBUG    | src.data_collection.collector:_collect_single:122 - ADBE: inserted=4103, updated=0
2026-04-28 10:14:54.755 | DEBUG    | src.data_collection.collector:_collect_single:122 - ADI: inserted=4103, updated=0
2026-04-28 10:14:59.781 | DEBUG    | src.data_collection.collector:_collect_single:122 - ADM: inserted=4103, updated=0
2026-04-28 10:15:04.660 | DEBUG    | src.data_collection.collector:_collect_single:122 - ADP: inserted=4103, updated=0
2026-04-28 10:15:09.595 | DEBUG    | src.data_collection.collector:_collect_single:122 - ADSK: inserted=4103, updated=0
2026-04-28 10:15:14.698 | DEBUG    | src.data_collection.collector:_collect_single:122 - AEE: inserted=4103, updated=0
2026-04-28 10:15:19.948 | DEBUG    | src.data_collection.collector:_collect_single:122 - AEP: inserted=4103, updated=0
2026-04-28 10:15:25.052 | DEBUG    | src.data_collection.collector:_collect_single:122 - AES: inserted=4103, updated=0
2026-04-28 10:15:29.982 | DEBUG    | src.data_collection.collector:_collect_single:122 - AFL: inserted=4103, updated=0
2026-04-28 10:15:35.388 | DEBUG    | src.data_collection.collector:_collect_single:122 - AIG: inserted=4103, updated=0
2026-04-28 10:15:41.005 | DEBUG    | src.data_collection.collector:_collect_single:122 - AIZ: inserted=4103, updated=0
2026-04-28 10:15:46.801 | DEBUG    | src.data_collection.collector:_collect_single:122 - AJG: inserted=4103, updated=0
2026-04-28 10:15:52.194 | DEBUG    | src.data_collection.collector:_collect_single:122 - AKAM: inserted=4103, updated=0
2026-04-28 10:15:57.638 | DEBUG    | src.data_collection.collector:_collect_single:122 - ALB: inserted=4103, updated=0
2026-04-28 10:16:02.929 | DEBUG    | src.data_collection.collector:_collect_single:122 - ALGN: inserted=4103, updated=0
2026-04-28 10:16:09.235 | DEBUG    | src.data_collection.collector:_collect_single:122 - ALL: inserted=4103, updated=0
2026-04-28 10:16:14.124 | DEBUG    | src.data_collection.collector:_collect_single:122 - ALLE: inserted=3127, updated=0
2026-04-28 10:16:19.735 | DEBUG    | src.data_collection.collector:_collect_single:122 - AMAT: inserted=4103, updated=0
2026-04-28 10:16:25.648 | DEBUG    | src.data_collection.collector:_collect_single:122 - AMCR: inserted=3507, updated=0
2026-04-28 10:16:31.522 | DEBUG    | src.data_collection.collector:_collect_single:122 - AMD: inserted=4103, updated=0
2026-04-28 10:16:40.773 | DEBUG    | src.data_collection.collector:_collect_single:122 - AME: inserted=4103, updated=0
2026-04-28 10:16:50.116 | DEBUG    | src.data_collection.collector:_collect_single:122 - AMGN: inserted=4103, updated=0
2026-04-28 10:16:56.429 | DEBUG    | src.data_collection.collector:_collect_single:122 - AMP: inserted=4103, updated=0
2026-04-28 10:17:04.141 | DEBUG    | src.data_collection.collector:_collect_single:122 - AMT: inserted=4103, updated=0
2026-04-28 10:17:09.288 | DEBUG    | src.data_collection.collector:_collect_single:122 - AMZN: inserted=4103, updated=0
2026-04-28 10:17:13.282 | DEBUG    | src.data_collection.collector:_collect_single:122 - ANET: inserted=2990, updated=0
2026-04-28 10:17:18.997 | DEBUG    | src.data_collection.collector:_collect_single:122 - AON: inserted=4103, updated=0
2026-04-28 10:17:24.409 | DEBUG    | src.data_collection.collector:_collect_single:122 - AOS: inserted=4103, updated=0
2026-04-28 10:17:29.894 | DEBUG    | src.data_collection.collector:_collect_single:122 - APA: inserted=4103, updated=0
2026-04-28 10:17:35.671 | DEBUG    | src.data_collection.collector:_collect_single:122 - APD: inserted=4103, updated=0
2026-04-28 10:17:40.854 | DEBUG    | src.data_collection.collector:_collect_single:122 - APH: inserted=4103, updated=0
2026-04-28 10:17:45.188 | DEBUG    | src.data_collection.collector:_collect_single:122 - APO: inserted=3791, updated=0
2026-04-28 10:17:47.316 | DEBUG    | src.data_collection.collector:_collect_single:122 - APP: inserted=1264, updated=0
2026-04-28 10:17:52.105 | DEBUG    | src.data_collection.collector:_collect_single:122 - APTV: inserted=3629, updated=0
2026-04-28 10:17:57.038 | DEBUG    | src.data_collection.collector:_collect_single:122 - ARE: inserted=4103, updated=0
2026-04-28 10:18:01.142 | DEBUG    | src.data_collection.collector:_collect_single:122 - ARES: inserted=3014, updated=0
2026-04-28 10:18:06.340 | DEBUG    | src.data_collection.collector:_collect_single:122 - ATO: inserted=4103, updated=0
2026-04-28 10:18:11.696 | DEBUG    | src.data_collection.collector:_collect_single:122 - AVB: inserted=4103, updated=0
2026-04-28 10:18:16.191 | DEBUG    | src.data_collection.collector:_collect_single:122 - AVGO: inserted=4103, updated=0
2026-04-28 10:18:24.314 | DEBUG    | src.data_collection.collector:_collect_single:122 - AVY: inserted=4103, updated=0
2026-04-28 10:18:33.138 | DEBUG    | src.data_collection.collector:_collect_single:122 - AWK: inserted=4103, updated=0
2026-04-28 10:18:39.962 | DEBUG    | src.data_collection.collector:_collect_single:122 - AXON: inserted=4103, updated=0
2026-04-28 10:18:45.170 | DEBUG    | src.data_collection.collector:_collect_single:122 - AXP: inserted=4103, updated=0
2026-04-28 10:18:45.470 | INFO     | src.data_collection.collector:collect_all:51 - Batch 2/11: 50 tickers
2026-04-28 10:18:50.607 | DEBUG    | src.data_collection.collector:_collect_single:122 - AZO: inserted=4103, updated=0
2026-04-28 10:18:55.416 | DEBUG    | src.data_collection.collector:_collect_single:122 - BA: inserted=4103, updated=0
2026-04-28 10:19:00.801 | DEBUG    | src.data_collection.collector:_collect_single:122 - BAC: inserted=4103, updated=0
2026-04-28 10:19:06.101 | DEBUG    | src.data_collection.collector:_collect_single:122 - BALL: inserted=4103, updated=0
2026-04-28 10:19:11.261 | DEBUG    | src.data_collection.collector:_collect_single:122 - BAX: inserted=4103, updated=0
2026-04-28 10:19:15.644 | DEBUG    | src.data_collection.collector:_collect_single:122 - BBY: inserted=4103, updated=0
2026-04-28 10:19:21.274 | DEBUG    | src.data_collection.collector:_collect_single:122 - BDX: inserted=4103, updated=0
2026-04-28 10:19:26.536 | DEBUG    | src.data_collection.collector:_collect_single:122 - BEN: inserted=4103, updated=0
2026-04-28 10:19:31.319 | DEBUG    | src.data_collection.collector:_collect_single:122 - BF-B: inserted=4103, updated=0
2026-04-28 10:19:36.413 | DEBUG    | src.data_collection.collector:_collect_single:122 - BG: inserted=4103, updated=0
2026-04-28 10:19:41.195 | DEBUG    | src.data_collection.collector:_collect_single:122 - BIIB: inserted=4103, updated=0
2026-04-28 10:19:45.931 | DEBUG    | src.data_collection.collector:_collect_single:122 - BK: inserted=4103, updated=0
2026-04-28 10:19:50.776 | DEBUG    | src.data_collection.collector:_collect_single:122 - BKNG: inserted=4103, updated=0
2026-04-28 10:19:55.729 | DEBUG    | src.data_collection.collector:_collect_single:122 - BKR: inserted=4103, updated=0
2026-04-28 10:20:00.264 | DEBUG    | src.data_collection.collector:_collect_single:122 - BLDR: inserted=4103, updated=0
2026-04-28 10:20:05.389 | DEBUG    | src.data_collection.collector:_collect_single:122 - BLK: inserted=4103, updated=0
2026-04-28 10:20:10.620 | DEBUG    | src.data_collection.collector:_collect_single:122 - BMY: inserted=4103, updated=0
2026-04-28 10:20:15.714 | DEBUG    | src.data_collection.collector:_collect_single:122 - BR: inserted=4103, updated=0
2026-04-28 10:20:20.961 | DEBUG    | src.data_collection.collector:_collect_single:122 - BRK-B: inserted=4103, updated=0
2026-04-28 10:20:26.277 | DEBUG    | src.data_collection.collector:_collect_single:122 - BRO: inserted=4103, updated=0
2026-04-28 10:20:31.911 | DEBUG    | src.data_collection.collector:_collect_single:122 - BSX: inserted=4103, updated=0
2026-04-28 10:20:37.441 | DEBUG    | src.data_collection.collector:_collect_single:122 - BX: inserted=4103, updated=0
2026-04-28 10:20:42.477 | DEBUG    | src.data_collection.collector:_collect_single:122 - BXP: inserted=4103, updated=0
2026-04-28 10:20:47.929 | DEBUG    | src.data_collection.collector:_collect_single:122 - C: inserted=4103, updated=0
2026-04-28 10:20:53.296 | DEBUG    | src.data_collection.collector:_collect_single:122 - CAG: inserted=4103, updated=0
2026-04-28 10:20:58.221 | DEBUG    | src.data_collection.collector:_collect_single:122 - CAH: inserted=4103, updated=0
2026-04-28 10:21:00.489 | DEBUG    | src.data_collection.collector:_collect_single:122 - CARR: inserted=1534, updated=0
2026-04-28 10:21:05.443 | DEBUG    | src.data_collection.collector:_collect_single:122 - CASY: inserted=4103, updated=0
2026-04-28 10:21:10.296 | DEBUG    | src.data_collection.collector:_collect_single:122 - CAT: inserted=4103, updated=0
2026-04-28 10:21:15.208 | DEBUG    | src.data_collection.collector:_collect_single:122 - CB: inserted=4103, updated=0
2026-04-28 10:21:20.122 | DEBUG    | src.data_collection.collector:_collect_single:122 - CBOE: inserted=3991, updated=0
2026-04-28 10:21:25.001 | DEBUG    | src.data_collection.collector:_collect_single:122 - CBRE: inserted=4103, updated=0
2026-04-28 10:21:30.144 | DEBUG    | src.data_collection.collector:_collect_single:122 - CCI: inserted=4103, updated=0
2026-04-28 10:21:36.163 | DEBUG    | src.data_collection.collector:_collect_single:122 - CCL: inserted=4103, updated=0
2026-04-28 10:21:43.268 | DEBUG    | src.data_collection.collector:_collect_single:122 - CDNS: inserted=4103, updated=0
2026-04-28 10:21:48.869 | DEBUG    | src.data_collection.collector:_collect_single:122 - CDW: inserted=3227, updated=0
2026-04-28 10:21:51.125 | DEBUG    | src.data_collection.collector:_collect_single:122 - CEG: inserted=1071, updated=0
2026-04-28 10:21:59.023 | DEBUG    | src.data_collection.collector:_collect_single:122 - CF: inserted=4103, updated=0
2026-04-28 10:22:04.515 | DEBUG    | src.data_collection.collector:_collect_single:122 - CFG: inserted=2914, updated=0
2026-04-28 10:22:12.421 | DEBUG    | src.data_collection.collector:_collect_single:122 - CHD: inserted=4103, updated=0
2026-04-28 10:22:19.845 | DEBUG    | src.data_collection.collector:_collect_single:122 - CHRW: inserted=4103, updated=0
2026-04-28 10:22:26.783 | DEBUG    | src.data_collection.collector:_collect_single:122 - CHTR: inserted=4102, updated=0
2026-04-28 10:22:31.660 | DEBUG    | src.data_collection.collector:_collect_single:122 - CI: inserted=4103, updated=0
2026-04-28 10:22:36.876 | DEBUG    | src.data_collection.collector:_collect_single:122 - CIEN: inserted=4103, updated=0
2026-04-28 10:22:42.557 | DEBUG    | src.data_collection.collector:_collect_single:122 - CINF: inserted=4103, updated=0
2026-04-28 10:22:47.507 | DEBUG    | src.data_collection.collector:_collect_single:122 - CL: inserted=4103, updated=0
2026-04-28 10:22:52.396 | DEBUG    | src.data_collection.collector:_collect_single:122 - CLX: inserted=4103, updated=0
2026-04-28 10:22:57.142 | DEBUG    | src.data_collection.collector:_collect_single:122 - CMCSA: inserted=4103, updated=0
2026-04-28 10:23:02.183 | DEBUG    | src.data_collection.collector:_collect_single:122 - CME: inserted=4103, updated=0
2026-04-28 10:23:07.068 | DEBUG    | src.data_collection.collector:_collect_single:122 - CMG: inserted=4103, updated=0
2026-04-28 10:23:07.368 | INFO     | src.data_collection.collector:collect_all:51 - Batch 3/11: 50 tickers
2026-04-28 10:23:12.654 | DEBUG    | src.data_collection.collector:_collect_single:122 - CMI: inserted=4103, updated=0
2026-04-28 10:23:17.496 | DEBUG    | src.data_collection.collector:_collect_single:122 - CMS: inserted=4103, updated=0
2026-04-28 10:23:22.638 | DEBUG    | src.data_collection.collector:_collect_single:122 - CNC: inserted=4103, updated=0
2026-04-28 10:23:27.653 | DEBUG    | src.data_collection.collector:_collect_single:122 - CNP: inserted=4103, updated=0
2026-04-28 10:23:33.538 | DEBUG    | src.data_collection.collector:_collect_single:122 - COF: inserted=4103, updated=0
2026-04-28 10:23:44.695 | DEBUG    | src.data_collection.collector:_collect_single:122 - COHR: inserted=4103, updated=0
2026-04-28 10:23:47.176 | DEBUG    | src.data_collection.collector:_collect_single:122 - COIN: inserted=1265, updated=0
2026-04-28 10:23:55.641 | DEBUG    | src.data_collection.collector:_collect_single:122 - COO: inserted=4103, updated=0
2026-04-28 10:24:01.641 | DEBUG    | src.data_collection.collector:_collect_single:122 - COP: inserted=4103, updated=0
2026-04-28 10:24:06.481 | DEBUG    | src.data_collection.collector:_collect_single:122 - COR: inserted=4103, updated=0
2026-04-28 10:24:11.380 | DEBUG    | src.data_collection.collector:_collect_single:122 - COST: inserted=4103, updated=0
2026-04-28 10:24:15.887 | DEBUG    | src.data_collection.collector:_collect_single:122 - CPAY: inserted=3863, updated=0
2026-04-28 10:24:20.895 | DEBUG    | src.data_collection.collector:_collect_single:122 - CPB: inserted=4103, updated=0
2026-04-28 10:24:26.028 | DEBUG    | src.data_collection.collector:_collect_single:122 - CPRT: inserted=4103, updated=0
2026-04-28 10:24:31.260 | DEBUG    | src.data_collection.collector:_collect_single:122 - CPT: inserted=4103, updated=0
2026-04-28 10:24:36.623 | DEBUG    | src.data_collection.collector:_collect_single:122 - CRH: inserted=4103, updated=0
2026-04-28 10:24:42.385 | DEBUG    | src.data_collection.collector:_collect_single:122 - CRL: inserted=4103, updated=0
2026-04-28 10:24:48.449 | DEBUG    | src.data_collection.collector:_collect_single:122 - CRM: inserted=4103, updated=0
2026-04-28 10:24:51.520 | DEBUG    | src.data_collection.collector:_collect_single:122 - CRWD: inserted=1728, updated=0
2026-04-28 10:24:57.362 | DEBUG    | src.data_collection.collector:_collect_single:122 - CSCO: inserted=4103, updated=0
2026-04-28 10:25:03.582 | DEBUG    | src.data_collection.collector:_collect_single:122 - CSGP: inserted=4103, updated=0
2026-04-28 10:25:09.919 | DEBUG    | src.data_collection.collector:_collect_single:122 - CSX: inserted=4103, updated=0
2026-04-28 10:25:16.219 | DEBUG    | src.data_collection.collector:_collect_single:122 - CTAS: inserted=4103, updated=0
2026-04-28 10:25:22.874 | DEBUG    | src.data_collection.collector:_collect_single:122 - CTRA: inserted=4103, updated=0
2026-04-28 10:25:28.987 | DEBUG    | src.data_collection.collector:_collect_single:122 - CTSH: inserted=4103, updated=0
2026-04-28 10:25:31.991 | DEBUG    | src.data_collection.collector:_collect_single:122 - CTVA: inserted=1740, updated=0
2026-04-28 10:25:35.794 | DEBUG    | src.data_collection.collector:_collect_single:122 - CVNA: inserted=2261, updated=0
2026-04-28 10:25:41.830 | DEBUG    | src.data_collection.collector:_collect_single:122 - CVS: inserted=4103, updated=0
2026-04-28 10:25:47.573 | DEBUG    | src.data_collection.collector:_collect_single:122 - CVX: inserted=4103, updated=0
2026-04-28 10:25:54.068 | DEBUG    | src.data_collection.collector:_collect_single:122 - D: inserted=4103, updated=0
2026-04-28 10:26:00.430 | DEBUG    | src.data_collection.collector:_collect_single:122 - DAL: inserted=4103, updated=0
2026-04-28 10:26:02.876 | DEBUG    | src.data_collection.collector:_collect_single:122 - DASH: inserted=1350, updated=0
2026-04-28 10:26:09.435 | DEBUG    | src.data_collection.collector:_collect_single:122 - DD: inserted=4103, updated=0
2026-04-28 10:26:12.432 | DEBUG    | src.data_collection.collector:_collect_single:122 - DDOG: inserted=1659, updated=0
2026-04-28 10:26:18.219 | DEBUG    | src.data_collection.collector:_collect_single:122 - DE: inserted=4103, updated=0
2026-04-28 10:26:24.013 | DEBUG    | src.data_collection.collector:_collect_single:122 - DECK: inserted=4103, updated=0
2026-04-28 10:26:27.775 | DEBUG    | src.data_collection.collector:_collect_single:122 - DELL: inserted=2436, updated=0
2026-04-28 10:26:33.803 | DEBUG    | src.data_collection.collector:_collect_single:122 - DG: inserted=4103, updated=0
2026-04-28 10:26:39.511 | DEBUG    | src.data_collection.collector:_collect_single:122 - DGX: inserted=4103, updated=0
2026-04-28 10:26:45.339 | DEBUG    | src.data_collection.collector:_collect_single:122 - DHI: inserted=4103, updated=0
2026-04-28 10:26:51.601 | DEBUG    | src.data_collection.collector:_collect_single:122 - DHR: inserted=4103, updated=0
2026-04-28 10:26:57.597 | DEBUG    | src.data_collection.collector:_collect_single:122 - DIS: inserted=4103, updated=0
2026-04-28 10:27:03.112 | DEBUG    | src.data_collection.collector:_collect_single:122 - DLR: inserted=4103, updated=0
2026-04-28 10:27:12.982 | DEBUG    | src.data_collection.collector:_collect_single:122 - DLTR: inserted=4103, updated=0
2026-04-28 10:27:23.341 | DEBUG    | src.data_collection.collector:_collect_single:122 - DOC: inserted=4103, updated=0
2026-04-28 10:27:29.129 | DEBUG    | src.data_collection.collector:_collect_single:122 - DOV: inserted=4103, updated=0
2026-04-28 10:27:31.804 | DEBUG    | src.data_collection.collector:_collect_single:122 - DOW: inserted=1786, updated=0
2026-04-28 10:27:37.951 | DEBUG    | src.data_collection.collector:_collect_single:122 - DPZ: inserted=4103, updated=0
2026-04-28 10:27:46.463 | DEBUG    | src.data_collection.collector:_collect_single:122 - DRI: inserted=4103, updated=0
2026-04-28 10:27:52.213 | DEBUG    | src.data_collection.collector:_collect_single:122 - DTE: inserted=4103, updated=0
2026-04-28 10:27:52.513 | INFO     | src.data_collection.collector:collect_all:51 - Batch 4/11: 50 tickers
2026-04-28 10:27:58.865 | DEBUG    | src.data_collection.collector:_collect_single:122 - DUK: inserted=4103, updated=0
2026-04-28 10:28:04.488 | DEBUG    | src.data_collection.collector:_collect_single:122 - DVA: inserted=4103, updated=0
2026-04-28 10:28:11.649 | DEBUG    | src.data_collection.collector:_collect_single:122 - DVN: inserted=4103, updated=0
2026-04-28 10:28:17.922 | DEBUG    | src.data_collection.collector:_collect_single:122 - DXCM: inserted=4103, updated=0
2026-04-28 10:28:24.197 | DEBUG    | src.data_collection.collector:_collect_single:122 - EA: inserted=4103, updated=0
2026-04-28 10:28:31.441 | DEBUG    | src.data_collection.collector:_collect_single:122 - EBAY: inserted=4103, updated=0
2026-04-28 10:28:37.824 | DEBUG    | src.data_collection.collector:_collect_single:122 - ECL: inserted=4103, updated=0
2026-04-28 10:28:44.464 | DEBUG    | src.data_collection.collector:_collect_single:122 - ED: inserted=4103, updated=0
2026-04-28 10:28:51.437 | DEBUG    | src.data_collection.collector:_collect_single:122 - EFX: inserted=4103, updated=0
2026-04-28 10:28:57.792 | DEBUG    | src.data_collection.collector:_collect_single:122 - EG: inserted=4103, updated=0
2026-04-28 10:29:03.634 | DEBUG    | src.data_collection.collector:_collect_single:122 - EIX: inserted=4103, updated=0
2026-04-28 10:29:09.043 | DEBUG    | src.data_collection.collector:_collect_single:122 - EL: inserted=4103, updated=0
2026-04-28 10:29:15.964 | DEBUG    | src.data_collection.collector:_collect_single:122 - ELV: inserted=4103, updated=0
2026-04-28 10:29:22.353 | DEBUG    | src.data_collection.collector:_collect_single:122 - EME: inserted=4103, updated=0
2026-04-28 10:29:28.039 | DEBUG    | src.data_collection.collector:_collect_single:122 - EMR: inserted=4103, updated=0
2026-04-28 10:29:33.530 | DEBUG    | src.data_collection.collector:_collect_single:122 - EOG: inserted=4103, updated=0
2026-04-28 10:29:38.389 | DEBUG    | src.data_collection.collector:_collect_single:122 - EPAM: inserted=3574, updated=0
2026-04-28 10:29:45.425 | DEBUG    | src.data_collection.collector:_collect_single:122 - EQIX: inserted=4103, updated=0
2026-04-28 10:29:51.455 | DEBUG    | src.data_collection.collector:_collect_single:122 - EQR: inserted=4103, updated=0
2026-04-28 10:29:57.769 | DEBUG    | src.data_collection.collector:_collect_single:122 - EQT: inserted=4103, updated=0
2026-04-28 10:30:04.919 | DEBUG    | src.data_collection.collector:_collect_single:122 - ERIE: inserted=4103, updated=0
2026-04-28 10:30:11.676 | DEBUG    | src.data_collection.collector:_collect_single:122 - ES: inserted=4103, updated=0
2026-04-28 10:30:18.158 | DEBUG    | src.data_collection.collector:_collect_single:122 - ESS: inserted=4103, updated=0
2026-04-28 10:30:23.958 | DEBUG    | src.data_collection.collector:_collect_single:122 - ETN: inserted=4103, updated=0
2026-04-28 10:30:30.393 | DEBUG    | src.data_collection.collector:_collect_single:122 - ETR: inserted=4103, updated=0
2026-04-28 10:30:36.083 | DEBUG    | src.data_collection.collector:_collect_single:122 - EVRG: inserted=4103, updated=0
2026-04-28 10:30:41.464 | DEBUG    | src.data_collection.collector:_collect_single:122 - EW: inserted=4103, updated=0
2026-04-28 10:30:47.303 | DEBUG    | src.data_collection.collector:_collect_single:122 - EXC: inserted=4103, updated=0
2026-04-28 10:30:49.423 | DEBUG    | src.data_collection.collector:_collect_single:122 - EXE: inserted=1308, updated=0
2026-04-28 10:30:54.962 | DEBUG    | src.data_collection.collector:_collect_single:122 - EXPD: inserted=4103, updated=0
2026-04-28 10:31:00.692 | DEBUG    | src.data_collection.collector:_collect_single:122 - EXPE: inserted=4103, updated=0
2026-04-28 10:31:06.670 | DEBUG    | src.data_collection.collector:_collect_single:122 - EXR: inserted=4103, updated=0
2026-04-28 10:31:13.132 | DEBUG    | src.data_collection.collector:_collect_single:122 - F: inserted=4103, updated=0
2026-04-28 10:31:17.976 | DEBUG    | src.data_collection.collector:_collect_single:122 - FANG: inserted=3402, updated=0
2026-04-28 10:31:23.295 | DEBUG    | src.data_collection.collector:_collect_single:122 - FAST: inserted=4103, updated=0
2026-04-28 10:31:29.096 | DEBUG    | src.data_collection.collector:_collect_single:122 - FCX: inserted=4103, updated=0
2026-04-28 10:31:35.615 | DEBUG    | src.data_collection.collector:_collect_single:122 - FDS: inserted=4103, updated=0
2026-04-28 10:31:41.733 | DEBUG    | src.data_collection.collector:_collect_single:122 - FDX: inserted=4103, updated=0
2026-04-28 10:31:47.704 | DEBUG    | src.data_collection.collector:_collect_single:122 - FE: inserted=4103, updated=0
2026-04-28 10:31:53.649 | DEBUG    | src.data_collection.collector:_collect_single:122 - FFIV: inserted=4103, updated=0
2026-04-28 10:32:03.254 | DEBUG    | src.data_collection.collector:_collect_single:122 - FICO: inserted=4103, updated=0
2026-04-28 10:32:14.222 | DEBUG    | src.data_collection.collector:_collect_single:122 - FIS: inserted=4103, updated=0
2026-04-28 10:32:19.879 | DEBUG    | src.data_collection.collector:_collect_single:122 - FISV: inserted=4102, updated=0
2026-04-28 10:32:27.514 | DEBUG    | src.data_collection.collector:_collect_single:122 - FITB: inserted=4103, updated=0
2026-04-28 10:32:35.602 | DEBUG    | src.data_collection.collector:_collect_single:122 - FIX: inserted=4103, updated=0
2026-04-28 10:32:40.084 | DEBUG    | src.data_collection.collector:_collect_single:122 - FOX: inserted=1791, updated=0
2026-04-28 10:32:43.199 | DEBUG    | src.data_collection.collector:_collect_single:122 - FOXA: inserted=1792, updated=0
2026-04-28 10:32:48.786 | DEBUG    | src.data_collection.collector:_collect_single:122 - FRT: inserted=4103, updated=0
2026-04-28 10:32:54.282 | DEBUG    | src.data_collection.collector:_collect_single:122 - FSLR: inserted=4103, updated=0
2026-04-28 10:33:00.047 | DEBUG    | src.data_collection.collector:_collect_single:122 - FTNT: inserted=4103, updated=0
2026-04-28 10:33:00.347 | INFO     | src.data_collection.collector:collect_all:51 - Batch 5/11: 50 tickers
2026-04-28 10:33:03.974 | DEBUG    | src.data_collection.collector:_collect_single:122 - FTV: inserted=2467, updated=0
2026-04-28 10:33:09.240 | DEBUG    | src.data_collection.collector:_collect_single:122 - GD: inserted=4103, updated=0
2026-04-28 10:33:12.660 | DEBUG    | src.data_collection.collector:_collect_single:122 - GDDY: inserted=2785, updated=0
2026-04-28 10:33:18.493 | DEBUG    | src.data_collection.collector:_collect_single:122 - GE: inserted=4103, updated=0
2026-04-28 10:33:19.960 | DEBUG    | src.data_collection.collector:_collect_single:122 - GEHC: inserted=842, updated=0
2026-04-28 10:33:25.469 | DEBUG    | src.data_collection.collector:_collect_single:122 - GEN: inserted=4103, updated=0
2026-04-28 10:33:26.734 | DEBUG    | src.data_collection.collector:_collect_single:122 - GEV: inserted=522, updated=0
2026-04-28 10:33:32.901 | DEBUG    | src.data_collection.collector:_collect_single:122 - GILD: inserted=4103, updated=0
2026-04-28 10:33:39.234 | DEBUG    | src.data_collection.collector:_collect_single:122 - GIS: inserted=4103, updated=0
2026-04-28 10:33:47.835 | DEBUG    | src.data_collection.collector:_collect_single:122 - GL: inserted=4103, updated=0
2026-04-28 10:33:55.173 | DEBUG    | src.data_collection.collector:_collect_single:122 - GLW: inserted=4103, updated=0
2026-04-28 10:34:04.554 | DEBUG    | src.data_collection.collector:_collect_single:122 - GM: inserted=3881, updated=0
2026-04-28 10:34:12.224 | DEBUG    | src.data_collection.collector:_collect_single:122 - GNRC: inserted=4076, updated=0
2026-04-28 10:34:17.828 | DEBUG    | src.data_collection.collector:_collect_single:122 - GOOG: inserted=4103, updated=0
2026-04-28 10:34:23.836 | DEBUG    | src.data_collection.collector:_collect_single:122 - GOOGL: inserted=4103, updated=0
2026-04-28 10:34:29.112 | DEBUG    | src.data_collection.collector:_collect_single:122 - GPC: inserted=4103, updated=0
2026-04-28 10:34:34.601 | DEBUG    | src.data_collection.collector:_collect_single:122 - GPN: inserted=4103, updated=0
2026-04-28 10:34:40.964 | DEBUG    | src.data_collection.collector:_collect_single:122 - GRMN: inserted=4103, updated=0
2026-04-28 10:34:46.820 | DEBUG    | src.data_collection.collector:_collect_single:122 - GS: inserted=4103, updated=0
2026-04-28 10:34:52.852 | DEBUG    | src.data_collection.collector:_collect_single:122 - GWW: inserted=4103, updated=0
2026-04-28 10:34:58.581 | DEBUG    | src.data_collection.collector:_collect_single:122 - HAL: inserted=4103, updated=0
2026-04-28 10:35:04.098 | DEBUG    | src.data_collection.collector:_collect_single:122 - HAS: inserted=4103, updated=0
2026-04-28 10:35:09.811 | DEBUG    | src.data_collection.collector:_collect_single:122 - HBAN: inserted=4103, updated=0
2026-04-28 10:35:15.452 | DEBUG    | src.data_collection.collector:_collect_single:122 - HCA: inserted=3805, updated=0
2026-04-28 10:35:21.325 | DEBUG    | src.data_collection.collector:_collect_single:122 - HD: inserted=4103, updated=0
2026-04-28 10:35:27.135 | DEBUG    | src.data_collection.collector:_collect_single:122 - HIG: inserted=4103, updated=0
2026-04-28 10:35:32.335 | DEBUG    | src.data_collection.collector:_collect_single:122 - HII: inserted=3797, updated=0
2026-04-28 10:35:36.703 | DEBUG    | src.data_collection.collector:_collect_single:122 - HLT: inserted=3110, updated=0
2026-04-28 10:35:42.464 | DEBUG    | src.data_collection.collector:_collect_single:122 - HON: inserted=4103, updated=0
2026-04-28 10:35:44.227 | DEBUG    | src.data_collection.collector:_collect_single:122 - HOOD: inserted=1191, updated=0
2026-04-28 10:35:48.177 | DEBUG    | src.data_collection.collector:_collect_single:122 - HPE: inserted=2645, updated=0
2026-04-28 10:35:54.386 | DEBUG    | src.data_collection.collector:_collect_single:122 - HPQ: inserted=4103, updated=0
2026-04-28 10:36:00.777 | DEBUG    | src.data_collection.collector:_collect_single:122 - HRL: inserted=4103, updated=0
2026-04-28 10:36:07.182 | DEBUG    | src.data_collection.collector:_collect_single:122 - HSIC: inserted=4103, updated=0
2026-04-28 10:36:13.548 | DEBUG    | src.data_collection.collector:_collect_single:122 - HST: inserted=4103, updated=0
2026-04-28 10:36:18.820 | DEBUG    | src.data_collection.collector:_collect_single:122 - HSY: inserted=4103, updated=0
2026-04-28 10:36:24.174 | DEBUG    | src.data_collection.collector:_collect_single:122 - HUBB: inserted=4103, updated=0
2026-04-28 10:36:29.281 | DEBUG    | src.data_collection.collector:_collect_single:122 - HUM: inserted=4103, updated=0
2026-04-28 10:36:32.728 | DEBUG    | src.data_collection.collector:_collect_single:122 - HWM: inserted=2383, updated=0
2026-04-28 10:36:37.838 | DEBUG    | src.data_collection.collector:_collect_single:122 - IBKR: inserted=4103, updated=0
2026-04-28 10:36:43.157 | DEBUG    | src.data_collection.collector:_collect_single:122 - IBM: inserted=4103, updated=0
2026-04-28 10:36:48.873 | DEBUG    | src.data_collection.collector:_collect_single:122 - ICE: inserted=4103, updated=0
2026-04-28 10:36:54.980 | DEBUG    | src.data_collection.collector:_collect_single:122 - IDXX: inserted=4103, updated=0
2026-04-28 10:37:01.203 | DEBUG    | src.data_collection.collector:_collect_single:122 - IEX: inserted=4103, updated=0
2026-04-28 10:37:08.575 | DEBUG    | src.data_collection.collector:_collect_single:122 - IFF: inserted=4103, updated=0
2026-04-28 10:37:16.399 | DEBUG    | src.data_collection.collector:_collect_single:122 - INCY: inserted=4103, updated=0
2026-04-28 10:37:22.873 | DEBUG    | src.data_collection.collector:_collect_single:122 - INTC: inserted=4103, updated=0
2026-04-28 10:37:28.843 | DEBUG    | src.data_collection.collector:_collect_single:122 - INTU: inserted=4103, updated=0
2026-04-28 10:37:35.380 | DEBUG    | src.data_collection.collector:_collect_single:122 - INVH: inserted=2321, updated=0
2026-04-28 10:37:41.623 | DEBUG    | src.data_collection.collector:_collect_single:122 - IP: inserted=4103, updated=0
2026-04-28 10:37:41.924 | INFO     | src.data_collection.collector:collect_all:51 - Batch 6/11: 50 tickers
2026-04-28 10:37:47.386 | DEBUG    | src.data_collection.collector:_collect_single:122 - IQV: inserted=3261, updated=0
2026-04-28 10:37:50.799 | DEBUG    | src.data_collection.collector:_collect_single:122 - IR: inserted=2251, updated=0
2026-04-28 10:37:57.072 | DEBUG    | src.data_collection.collector:_collect_single:122 - IRM: inserted=4103, updated=0
2026-04-28 10:38:04.173 | DEBUG    | src.data_collection.collector:_collect_single:122 - ISRG: inserted=4103, updated=0
2026-04-28 10:38:10.895 | DEBUG    | src.data_collection.collector:_collect_single:122 - IT: inserted=4103, updated=0
2026-04-28 10:38:16.844 | DEBUG    | src.data_collection.collector:_collect_single:122 - ITW: inserted=4103, updated=0
2026-04-28 10:38:22.102 | DEBUG    | src.data_collection.collector:_collect_single:122 - IVZ: inserted=4103, updated=0
2026-04-28 10:38:29.818 | DEBUG    | src.data_collection.collector:_collect_single:122 - J: inserted=4103, updated=0
2026-04-28 10:38:38.040 | DEBUG    | src.data_collection.collector:_collect_single:122 - JBHT: inserted=4103, updated=0
2026-04-28 10:38:45.225 | DEBUG    | src.data_collection.collector:_collect_single:122 - JBL: inserted=4103, updated=0
2026-04-28 10:38:54.301 | DEBUG    | src.data_collection.collector:_collect_single:122 - JCI: inserted=4103, updated=0
2026-04-28 10:39:03.991 | DEBUG    | src.data_collection.collector:_collect_single:122 - JKHY: inserted=4103, updated=0
2026-04-28 10:39:10.521 | DEBUG    | src.data_collection.collector:_collect_single:122 - JNJ: inserted=4103, updated=0
2026-04-28 10:39:17.384 | DEBUG    | src.data_collection.collector:_collect_single:122 - JPM: inserted=4103, updated=0
2026-04-28 10:39:24.321 | DEBUG    | src.data_collection.collector:_collect_single:122 - KDP: inserted=4103, updated=0
2026-04-28 10:39:31.396 | DEBUG    | src.data_collection.collector:_collect_single:122 - KEY: inserted=4103, updated=0
2026-04-28 10:39:35.119 | DEBUG    | src.data_collection.collector:_collect_single:122 - KEYS: inserted=2896, updated=0
2026-04-28 10:39:38.752 | DEBUG    | src.data_collection.collector:_collect_single:122 - KHC: inserted=2719, updated=0
2026-04-28 10:39:44.195 | DEBUG    | src.data_collection.collector:_collect_single:122 - KIM: inserted=4103, updated=0
2026-04-28 10:39:48.974 | DEBUG    | src.data_collection.collector:_collect_single:122 - KKR: inserted=3970, updated=0
2026-04-28 10:39:54.530 | DEBUG    | src.data_collection.collector:_collect_single:122 - KLAC: inserted=4103, updated=0
2026-04-28 10:40:01.127 | DEBUG    | src.data_collection.collector:_collect_single:122 - KMB: inserted=4103, updated=0
2026-04-28 10:40:07.791 | DEBUG    | src.data_collection.collector:_collect_single:122 - KMI: inserted=3823, updated=0
2026-04-28 10:40:16.646 | DEBUG    | src.data_collection.collector:_collect_single:122 - KO: inserted=4103, updated=0
2026-04-28 10:40:24.152 | DEBUG    | src.data_collection.collector:_collect_single:122 - KR: inserted=4103, updated=0
2026-04-28 10:40:25.454 | DEBUG    | src.data_collection.collector:_collect_single:122 - KVUE: inserted=747, updated=0
2026-04-28 10:40:30.895 | DEBUG    | src.data_collection.collector:_collect_single:122 - L: inserted=4103, updated=0
2026-04-28 10:40:37.048 | DEBUG    | src.data_collection.collector:_collect_single:122 - LDOS: inserted=4103, updated=0
2026-04-28 10:40:42.262 | DEBUG    | src.data_collection.collector:_collect_single:122 - LEN: inserted=4103, updated=0
2026-04-28 10:40:47.159 | DEBUG    | src.data_collection.collector:_collect_single:122 - LH: inserted=4103, updated=0
2026-04-28 10:40:53.250 | DEBUG    | src.data_collection.collector:_collect_single:122 - LHX: inserted=4103, updated=0
2026-04-28 10:40:59.115 | DEBUG    | src.data_collection.collector:_collect_single:122 - LII: inserted=4103, updated=0
2026-04-28 10:41:05.548 | DEBUG    | src.data_collection.collector:_collect_single:122 - LIN: inserted=4103, updated=0
2026-04-28 10:41:09.834 | DEBUG    | src.data_collection.collector:_collect_single:122 - LITE: inserted=2706, updated=0
2026-04-28 10:41:15.515 | DEBUG    | src.data_collection.collector:_collect_single:122 - LLY: inserted=4103, updated=0
2026-04-28 10:41:21.821 | DEBUG    | src.data_collection.collector:_collect_single:122 - LMT: inserted=4103, updated=0
2026-04-28 10:41:27.394 | DEBUG    | src.data_collection.collector:_collect_single:122 - LNT: inserted=4103, updated=0
2026-04-28 10:41:33.213 | DEBUG    | src.data_collection.collector:_collect_single:122 - LOW: inserted=4103, updated=0
2026-04-28 10:41:39.010 | DEBUG    | src.data_collection.collector:_collect_single:122 - LRCX: inserted=4103, updated=0
2026-04-28 10:41:43.821 | DEBUG    | src.data_collection.collector:_collect_single:122 - LULU: inserted=4103, updated=0
2026-04-28 10:41:49.108 | DEBUG    | src.data_collection.collector:_collect_single:122 - LUV: inserted=4103, updated=0
2026-04-28 10:41:54.195 | DEBUG    | src.data_collection.collector:_collect_single:122 - LVS: inserted=4103, updated=0
2026-04-28 10:41:58.962 | DEBUG    | src.data_collection.collector:_collect_single:122 - LYB: inserted=4024, updated=0
2026-04-28 10:42:04.457 | DEBUG    | src.data_collection.collector:_collect_single:122 - LYV: inserted=4103, updated=0
2026-04-28 10:42:09.829 | DEBUG    | src.data_collection.collector:_collect_single:122 - MA: inserted=4103, updated=0
2026-04-28 10:42:14.700 | DEBUG    | src.data_collection.collector:_collect_single:122 - MAA: inserted=4103, updated=0
2026-04-28 10:42:19.861 | DEBUG    | src.data_collection.collector:_collect_single:122 - MAR: inserted=4103, updated=0
2026-04-28 10:42:25.035 | DEBUG    | src.data_collection.collector:_collect_single:122 - MAS: inserted=4103, updated=0
2026-04-28 10:42:32.115 | DEBUG    | src.data_collection.collector:_collect_single:122 - MCD: inserted=4103, updated=0
2026-04-28 10:42:39.333 | DEBUG    | src.data_collection.collector:_collect_single:122 - MCHP: inserted=4103, updated=0
2026-04-28 10:42:39.634 | INFO     | src.data_collection.collector:collect_all:51 - Batch 7/11: 50 tickers
2026-04-28 10:42:48.260 | DEBUG    | src.data_collection.collector:_collect_single:122 - MCK: inserted=4103, updated=0
2026-04-28 10:42:55.091 | DEBUG    | src.data_collection.collector:_collect_single:122 - MCO: inserted=4103, updated=0
2026-04-28 10:43:02.888 | DEBUG    | src.data_collection.collector:_collect_single:122 - MDLZ: inserted=4103, updated=0
2026-04-28 10:43:11.677 | DEBUG    | src.data_collection.collector:_collect_single:122 - MDT: inserted=4103, updated=0
2026-04-28 10:43:19.224 | DEBUG    | src.data_collection.collector:_collect_single:122 - MET: inserted=4103, updated=0
2026-04-28 10:43:27.738 | DEBUG    | src.data_collection.collector:_collect_single:122 - META: inserted=3504, updated=0
2026-04-28 10:43:37.145 | DEBUG    | src.data_collection.collector:_collect_single:122 - MGM: inserted=4103, updated=0
2026-04-28 10:43:44.716 | DEBUG    | src.data_collection.collector:_collect_single:122 - MKC: inserted=4103, updated=0
2026-04-28 10:43:51.731 | DEBUG    | src.data_collection.collector:_collect_single:122 - MLM: inserted=4103, updated=0
2026-04-28 10:43:56.949 | DEBUG    | src.data_collection.collector:_collect_single:122 - MMM: inserted=4103, updated=0
2026-04-28 10:44:02.737 | DEBUG    | src.data_collection.collector:_collect_single:122 - MNST: inserted=4103, updated=0
2026-04-28 10:44:09.612 | DEBUG    | src.data_collection.collector:_collect_single:122 - MO: inserted=4103, updated=0
2026-04-28 10:44:17.802 | DEBUG    | src.data_collection.collector:_collect_single:122 - MOS: inserted=4103, updated=0
2026-04-28 10:44:23.832 | DEBUG    | src.data_collection.collector:_collect_single:122 - MPC: inserted=3731, updated=0
2026-04-28 10:44:31.085 | DEBUG    | src.data_collection.collector:_collect_single:122 - MPWR: inserted=4103, updated=0
2026-04-28 10:44:35.651 | DEBUG    | src.data_collection.collector:_collect_single:122 - MRK: inserted=4103, updated=0
2026-04-28 10:44:38.075 | DEBUG    | src.data_collection.collector:_collect_single:122 - MRNA: inserted=1855, updated=0
2026-04-28 10:44:43.386 | DEBUG    | src.data_collection.collector:_collect_single:122 - MRSH: inserted=4103, updated=0
2026-04-28 10:44:48.234 | DEBUG    | src.data_collection.collector:_collect_single:122 - MS: inserted=4103, updated=0
2026-04-28 10:44:52.973 | DEBUG    | src.data_collection.collector:_collect_single:122 - MSCI: inserted=4103, updated=0
2026-04-28 10:44:58.044 | DEBUG    | src.data_collection.collector:_collect_single:122 - MSFT: inserted=4103, updated=0
2026-04-28 10:45:03.198 | DEBUG    | src.data_collection.collector:_collect_single:122 - MSI: inserted=4103, updated=0
2026-04-28 10:45:08.272 | DEBUG    | src.data_collection.collector:_collect_single:122 - MTB: inserted=4103, updated=0
2026-04-28 10:45:13.277 | DEBUG    | src.data_collection.collector:_collect_single:122 - MTD: inserted=4103, updated=0
2026-04-28 10:45:19.020 | DEBUG    | src.data_collection.collector:_collect_single:122 - MU: inserted=4103, updated=0
2026-04-28 10:45:22.947 | DEBUG    | src.data_collection.collector:_collect_single:122 - NCLH: inserted=3337, updated=0
2026-04-28 10:45:27.775 | DEBUG    | src.data_collection.collector:_collect_single:122 - NDAQ: inserted=4103, updated=0
2026-04-28 10:45:33.193 | DEBUG    | src.data_collection.collector:_collect_single:122 - NDSN: inserted=4103, updated=0
2026-04-28 10:45:37.631 | DEBUG    | src.data_collection.collector:_collect_single:122 - NEE: inserted=4103, updated=0
2026-04-28 10:45:43.478 | DEBUG    | src.data_collection.collector:_collect_single:122 - NEM: inserted=4103, updated=0
2026-04-28 10:45:49.175 | DEBUG    | src.data_collection.collector:_collect_single:122 - NFLX: inserted=4103, updated=0
2026-04-28 10:45:54.471 | DEBUG    | src.data_collection.collector:_collect_single:122 - NI: inserted=4103, updated=0
2026-04-28 10:45:59.746 | DEBUG    | src.data_collection.collector:_collect_single:122 - NKE: inserted=4103, updated=0
2026-04-28 10:46:05.386 | DEBUG    | src.data_collection.collector:_collect_single:122 - NOC: inserted=4103, updated=0
2026-04-28 10:46:10.400 | DEBUG    | src.data_collection.collector:_collect_single:122 - NOW: inserted=3475, updated=0
2026-04-28 10:46:15.526 | DEBUG    | src.data_collection.collector:_collect_single:122 - NRG: inserted=4103, updated=0
2026-04-28 10:46:21.260 | DEBUG    | src.data_collection.collector:_collect_single:122 - NSC: inserted=4103, updated=0
2026-04-28 10:46:26.479 | DEBUG    | src.data_collection.collector:_collect_single:122 - NTAP: inserted=4103, updated=0
2026-04-28 10:46:32.149 | DEBUG    | src.data_collection.collector:_collect_single:122 - NTRS: inserted=4103, updated=0
2026-04-28 10:46:40.065 | DEBUG    | src.data_collection.collector:_collect_single:122 - NUE: inserted=4103, updated=0
2026-04-28 10:46:45.927 | DEBUG    | src.data_collection.collector:_collect_single:122 - NVDA: inserted=4103, updated=0
2026-04-28 10:46:51.009 | DEBUG    | src.data_collection.collector:_collect_single:122 - NVR: inserted=4103, updated=0
2026-04-28 10:46:55.078 | DEBUG    | src.data_collection.collector:_collect_single:122 - NWS: inserted=3233, updated=0
2026-04-28 10:46:59.329 | DEBUG    | src.data_collection.collector:_collect_single:122 - NWSA: inserted=3233, updated=0
2026-04-28 10:47:04.141 | DEBUG    | src.data_collection.collector:_collect_single:122 - NXPI: inserted=3954, updated=0
2026-04-28 10:47:10.155 | DEBUG    | src.data_collection.collector:_collect_single:122 - O: inserted=4103, updated=0
2026-04-28 10:47:15.950 | DEBUG    | src.data_collection.collector:_collect_single:122 - ODFL: inserted=4103, updated=0
2026-04-28 10:47:21.492 | DEBUG    | src.data_collection.collector:_collect_single:122 - OKE: inserted=4103, updated=0
2026-04-28 10:47:26.937 | DEBUG    | src.data_collection.collector:_collect_single:122 - OMC: inserted=4103, updated=0
2026-04-28 10:47:31.919 | DEBUG    | src.data_collection.collector:_collect_single:122 - ON: inserted=4103, updated=0
2026-04-28 10:47:32.220 | INFO     | src.data_collection.collector:collect_all:51 - Batch 8/11: 50 tickers
2026-04-28 10:47:37.431 | DEBUG    | src.data_collection.collector:_collect_single:122 - ORCL: inserted=4103, updated=0
2026-04-28 10:47:42.814 | DEBUG    | src.data_collection.collector:_collect_single:122 - ORLY: inserted=4103, updated=0
2026-04-28 10:47:45.248 | DEBUG    | src.data_collection.collector:_collect_single:122 - OTIS: inserted=1534, updated=0
2026-04-28 10:47:50.558 | DEBUG    | src.data_collection.collector:_collect_single:122 - OXY: inserted=4103, updated=0
2026-04-28 10:47:55.649 | DEBUG    | src.data_collection.collector:_collect_single:122 - PANW: inserted=3461, updated=0
2026-04-28 10:48:01.413 | DEBUG    | src.data_collection.collector:_collect_single:122 - PAYX: inserted=4103, updated=0
2026-04-28 10:48:06.760 | DEBUG    | src.data_collection.collector:_collect_single:122 - PCAR: inserted=4103, updated=0
2026-04-28 10:48:11.664 | DEBUG    | src.data_collection.collector:_collect_single:122 - PCG: inserted=4103, updated=0
2026-04-28 10:48:17.753 | DEBUG    | src.data_collection.collector:_collect_single:122 - PEG: inserted=4103, updated=0
2026-04-28 10:48:24.780 | DEBUG    | src.data_collection.collector:_collect_single:122 - PEP: inserted=4103, updated=0
2026-04-28 10:48:30.708 | DEBUG    | src.data_collection.collector:_collect_single:122 - PFE: inserted=4103, updated=0
2026-04-28 10:48:35.861 | DEBUG    | src.data_collection.collector:_collect_single:122 - PFG: inserted=4103, updated=0
2026-04-28 10:48:42.358 | DEBUG    | src.data_collection.collector:_collect_single:122 - PG: inserted=4103, updated=0
2026-04-28 10:48:49.853 | DEBUG    | src.data_collection.collector:_collect_single:122 - PGR: inserted=4103, updated=0
2026-04-28 10:48:55.199 | DEBUG    | src.data_collection.collector:_collect_single:122 - PH: inserted=4103, updated=0
2026-04-28 10:49:00.826 | DEBUG    | src.data_collection.collector:_collect_single:122 - PHM: inserted=4103, updated=0
2026-04-28 10:49:06.276 | DEBUG    | src.data_collection.collector:_collect_single:122 - PKG: inserted=4103, updated=0
2026-04-28 10:49:11.597 | DEBUG    | src.data_collection.collector:_collect_single:122 - PLD: inserted=4103, updated=0
2026-04-28 10:49:13.716 | DEBUG    | src.data_collection.collector:_collect_single:122 - PLTR: inserted=1399, updated=0
2026-04-28 10:49:19.595 | DEBUG    | src.data_collection.collector:_collect_single:122 - PM: inserted=4103, updated=0
2026-04-28 10:49:25.332 | DEBUG    | src.data_collection.collector:_collect_single:122 - PNC: inserted=4103, updated=0
2026-04-28 10:49:30.822 | DEBUG    | src.data_collection.collector:_collect_single:122 - PNR: inserted=4103, updated=0
2026-04-28 10:49:36.783 | DEBUG    | src.data_collection.collector:_collect_single:122 - PNW: inserted=4103, updated=0
2026-04-28 10:49:42.357 | DEBUG    | src.data_collection.collector:_collect_single:122 - PODD: inserted=4103, updated=0
2026-04-28 10:49:47.688 | DEBUG    | src.data_collection.collector:_collect_single:122 - POOL: inserted=4103, updated=0
2026-04-28 10:49:52.620 | DEBUG    | src.data_collection.collector:_collect_single:122 - PPG: inserted=4103, updated=0
2026-04-28 10:49:57.516 | DEBUG    | src.data_collection.collector:_collect_single:122 - PPL: inserted=4103, updated=0
2026-04-28 10:50:02.510 | DEBUG    | src.data_collection.collector:_collect_single:122 - PRU: inserted=4103, updated=0
2026-04-28 10:50:07.481 | DEBUG    | src.data_collection.collector:_collect_single:122 - PSA: inserted=4103, updated=0
2026-04-28 10:50:13.492 | DEBUG    | src.data_collection.collector:_collect_single:122 - PSKY: inserted=4103, updated=0
2026-04-28 10:50:17.808 | DEBUG    | src.data_collection.collector:_collect_single:122 - PSX: inserted=3530, updated=0
2026-04-28 10:50:23.541 | DEBUG    | src.data_collection.collector:_collect_single:122 - PTC: inserted=4103, updated=0
2026-04-28 10:50:28.960 | DEBUG    | src.data_collection.collector:_collect_single:122 - PWR: inserted=4103, updated=0
2026-04-28 10:50:32.750 | DEBUG    | src.data_collection.collector:_collect_single:122 - PYPL: inserted=2719, updated=0
2026-04-28 10:50:33.205 | DEBUG    | src.data_collection.collector:_collect_single:122 - Q: inserted=125, updated=0
2026-04-28 10:50:37.995 | DEBUG    | src.data_collection.collector:_collect_single:122 - QCOM: inserted=4103, updated=0
2026-04-28 10:50:43.123 | DEBUG    | src.data_collection.collector:_collect_single:122 - RCL: inserted=4103, updated=0
2026-04-28 10:50:48.134 | DEBUG    | src.data_collection.collector:_collect_single:122 - REG: inserted=4103, updated=0
2026-04-28 10:50:53.500 | DEBUG    | src.data_collection.collector:_collect_single:122 - REGN: inserted=4103, updated=0
2026-04-28 10:50:58.523 | DEBUG    | src.data_collection.collector:_collect_single:122 - RF: inserted=4103, updated=0
2026-04-28 10:51:03.795 | DEBUG    | src.data_collection.collector:_collect_single:122 - RJF: inserted=4103, updated=0
2026-04-28 10:51:08.728 | DEBUG    | src.data_collection.collector:_collect_single:122 - RL: inserted=4103, updated=0
2026-04-28 10:51:14.926 | DEBUG    | src.data_collection.collector:_collect_single:122 - RMD: inserted=4103, updated=0
2026-04-28 10:51:20.536 | DEBUG    | src.data_collection.collector:_collect_single:122 - ROK: inserted=4103, updated=0
2026-04-28 10:51:27.163 | DEBUG    | src.data_collection.collector:_collect_single:122 - ROL: inserted=4103, updated=0
2026-04-28 10:51:33.492 | DEBUG    | src.data_collection.collector:_collect_single:122 - ROP: inserted=4103, updated=0
2026-04-28 10:51:40.017 | DEBUG    | src.data_collection.collector:_collect_single:122 - ROST: inserted=4103, updated=0
2026-04-28 10:51:47.931 | DEBUG    | src.data_collection.collector:_collect_single:122 - RSG: inserted=4103, updated=0
2026-04-28 10:51:54.803 | DEBUG    | src.data_collection.collector:_collect_single:122 - RTX: inserted=4103, updated=0
2026-04-28 10:52:01.668 | DEBUG    | src.data_collection.collector:_collect_single:122 - RVTY: inserted=4103, updated=0
2026-04-28 10:52:01.968 | INFO     | src.data_collection.collector:collect_all:51 - Batch 9/11: 50 tickers
2026-04-28 10:52:10.346 | DEBUG    | src.data_collection.collector:_collect_single:122 - SATS: inserted=4103, updated=0
2026-04-28 10:52:17.825 | DEBUG    | src.data_collection.collector:_collect_single:122 - SBAC: inserted=4103, updated=0
2026-04-28 10:52:26.367 | DEBUG    | src.data_collection.collector:_collect_single:122 - SBUX: inserted=4103, updated=0
2026-04-28 10:52:33.463 | DEBUG    | src.data_collection.collector:_collect_single:122 - SCHW: inserted=4103, updated=0
2026-04-28 10:52:44.387 | DEBUG    | src.data_collection.collector:_collect_single:122 - SHW: inserted=4103, updated=0
2026-04-28 10:52:51.752 | DEBUG    | src.data_collection.collector:_collect_single:122 - SJM: inserted=4103, updated=0
2026-04-28 10:52:56.614 | DEBUG    | src.data_collection.collector:_collect_single:122 - SLB: inserted=4103, updated=0
2026-04-28 10:53:01.611 | DEBUG    | src.data_collection.collector:_collect_single:122 - SMCI: inserted=4103, updated=0
2026-04-28 10:53:07.881 | DEBUG    | src.data_collection.collector:_collect_single:122 - SNA: inserted=4103, updated=0
2026-04-28 10:53:08.720 | DEBUG    | src.data_collection.collector:_collect_single:122 - SNDK: inserted=301, updated=0
2026-04-28 10:53:15.052 | DEBUG    | src.data_collection.collector:_collect_single:122 - SNPS: inserted=4103, updated=0
2026-04-28 10:53:21.340 | DEBUG    | src.data_collection.collector:_collect_single:122 - SO: inserted=4103, updated=0
2026-04-28 10:53:22.335 | DEBUG    | src.data_collection.collector:_collect_single:122 - SOLV: inserted=523, updated=0
2026-04-28 10:53:31.011 | DEBUG    | src.data_collection.collector:_collect_single:122 - SPG: inserted=4103, updated=0
2026-04-28 10:53:37.723 | DEBUG    | src.data_collection.collector:_collect_single:122 - SPGI: inserted=4103, updated=0
2026-04-28 10:53:43.646 | DEBUG    | src.data_collection.collector:_collect_single:122 - SRE: inserted=4103, updated=0
2026-04-28 10:53:48.687 | DEBUG    | src.data_collection.collector:_collect_single:122 - STE: inserted=4103, updated=0
2026-04-28 10:53:53.381 | DEBUG    | src.data_collection.collector:_collect_single:122 - STLD: inserted=4103, updated=0
2026-04-28 10:53:58.502 | DEBUG    | src.data_collection.collector:_collect_single:122 - STT: inserted=4103, updated=0
2026-04-28 10:54:03.554 | DEBUG    | src.data_collection.collector:_collect_single:122 - STX: inserted=4103, updated=0
2026-04-28 10:54:08.741 | DEBUG    | src.data_collection.collector:_collect_single:122 - STZ: inserted=4103, updated=0
2026-04-28 10:54:14.424 | DEBUG    | src.data_collection.collector:_collect_single:122 - SW: inserted=4103, updated=0
2026-04-28 10:54:19.538 | DEBUG    | src.data_collection.collector:_collect_single:122 - SWK: inserted=4103, updated=0
2026-04-28 10:54:24.663 | DEBUG    | src.data_collection.collector:_collect_single:122 - SWKS: inserted=4103, updated=0
2026-04-28 10:54:28.676 | DEBUG    | src.data_collection.collector:_collect_single:122 - SYF: inserted=2952, updated=0
2026-04-28 10:54:33.828 | DEBUG    | src.data_collection.collector:_collect_single:122 - SYK: inserted=4103, updated=0
2026-04-28 10:54:38.615 | DEBUG    | src.data_collection.collector:_collect_single:122 - SYY: inserted=4103, updated=0
2026-04-28 10:54:43.574 | DEBUG    | src.data_collection.collector:_collect_single:122 - T: inserted=4103, updated=0
2026-04-28 10:54:49.413 | DEBUG    | src.data_collection.collector:_collect_single:122 - TAP: inserted=4103, updated=0
2026-04-28 10:54:54.840 | DEBUG    | src.data_collection.collector:_collect_single:122 - TDG: inserted=4103, updated=0
2026-04-28 10:54:59.778 | DEBUG    | src.data_collection.collector:_collect_single:122 - TDY: inserted=4103, updated=0
2026-04-28 10:55:05.590 | DEBUG    | src.data_collection.collector:_collect_single:122 - TECH: inserted=4103, updated=0
2026-04-28 10:55:13.106 | DEBUG    | src.data_collection.collector:_collect_single:122 - TEL: inserted=4103, updated=0
2026-04-28 10:55:20.641 | DEBUG    | src.data_collection.collector:_collect_single:122 - TER: inserted=4103, updated=0
2026-04-28 10:55:26.700 | DEBUG    | src.data_collection.collector:_collect_single:122 - TFC: inserted=4103, updated=0
2026-04-28 10:55:31.570 | DEBUG    | src.data_collection.collector:_collect_single:122 - TGT: inserted=4103, updated=0
2026-04-28 10:55:36.344 | DEBUG    | src.data_collection.collector:_collect_single:122 - TJX: inserted=4103, updated=0
2026-04-28 10:55:41.347 | DEBUG    | src.data_collection.collector:_collect_single:122 - TKO: inserted=4103, updated=0
2026-04-28 10:55:46.518 | DEBUG    | src.data_collection.collector:_collect_single:122 - TMO: inserted=4103, updated=0
2026-04-28 10:55:51.666 | DEBUG    | src.data_collection.collector:_collect_single:122 - TMUS: inserted=4103, updated=0
2026-04-28 10:55:56.863 | DEBUG    | src.data_collection.collector:_collect_single:122 - TPL: inserted=4103, updated=0
2026-04-28 10:56:02.374 | DEBUG    | src.data_collection.collector:_collect_single:122 - TPR: inserted=4103, updated=0
2026-04-28 10:56:07.728 | DEBUG    | src.data_collection.collector:_collect_single:122 - TRGP: inserted=3869, updated=0
2026-04-28 10:56:13.715 | DEBUG    | src.data_collection.collector:_collect_single:122 - TRMB: inserted=4103, updated=0
2026-04-28 10:56:19.996 | DEBUG    | src.data_collection.collector:_collect_single:122 - TROW: inserted=4103, updated=0
2026-04-28 10:56:26.078 | DEBUG    | src.data_collection.collector:_collect_single:122 - TRV: inserted=4103, updated=0
2026-04-28 10:56:33.011 | DEBUG    | src.data_collection.collector:_collect_single:122 - TSCO: inserted=4103, updated=0
2026-04-28 10:56:40.129 | DEBUG    | src.data_collection.collector:_collect_single:122 - TSLA: inserted=3981, updated=0
2026-04-28 10:56:47.084 | DEBUG    | src.data_collection.collector:_collect_single:122 - TSN: inserted=4103, updated=0
2026-04-28 10:56:54.049 | DEBUG    | src.data_collection.collector:_collect_single:122 - TT: inserted=4103, updated=0
2026-04-28 10:56:54.351 | INFO     | src.data_collection.collector:collect_all:51 - Batch 10/11: 50 tickers
2026-04-28 10:56:58.622 | DEBUG    | src.data_collection.collector:_collect_single:122 - TTD: inserted=2412, updated=0
2026-04-28 10:57:04.843 | DEBUG    | src.data_collection.collector:_collect_single:122 - TTWO: inserted=4103, updated=0
2026-04-28 10:57:11.334 | DEBUG    | src.data_collection.collector:_collect_single:122 - TXN: inserted=4103, updated=0
2026-04-28 10:57:17.484 | DEBUG    | src.data_collection.collector:_collect_single:122 - TXT: inserted=4103, updated=0
2026-04-28 10:57:23.271 | DEBUG    | src.data_collection.collector:_collect_single:122 - TYL: inserted=4103, updated=0
2026-04-28 10:57:29.543 | DEBUG    | src.data_collection.collector:_collect_single:122 - UAL: inserted=4103, updated=0
2026-04-28 10:57:32.952 | DEBUG    | src.data_collection.collector:_collect_single:122 - UBER: inserted=1750, updated=0
2026-04-28 10:57:38.861 | DEBUG    | src.data_collection.collector:_collect_single:122 - UDR: inserted=4103, updated=0
2026-04-28 10:57:44.988 | DEBUG    | src.data_collection.collector:_collect_single:122 - UHS: inserted=4103, updated=0
2026-04-28 10:57:51.243 | DEBUG    | src.data_collection.collector:_collect_single:122 - ULTA: inserted=4103, updated=0
2026-04-28 10:57:57.422 | DEBUG    | src.data_collection.collector:_collect_single:122 - UNH: inserted=4103, updated=0
2026-04-28 10:58:03.949 | DEBUG    | src.data_collection.collector:_collect_single:122 - UNP: inserted=4103, updated=0
2026-04-28 10:58:11.604 | DEBUG    | src.data_collection.collector:_collect_single:122 - UPS: inserted=4103, updated=0
2026-04-28 10:58:21.292 | DEBUG    | src.data_collection.collector:_collect_single:122 - URI: inserted=4103, updated=0
2026-04-28 10:58:31.744 | DEBUG    | src.data_collection.collector:_collect_single:122 - USB: inserted=4103, updated=0
2026-04-28 10:58:37.637 | DEBUG    | src.data_collection.collector:_collect_single:122 - V: inserted=4103, updated=0
2026-04-28 10:58:40.850 | DEBUG    | src.data_collection.collector:_collect_single:122 - VICI: inserted=2090, updated=0
2026-04-28 10:58:47.400 | DEBUG    | src.data_collection.collector:_collect_single:122 - VLO: inserted=4103, updated=0
2026-04-28 10:58:50.185 | DEBUG    | src.data_collection.collector:_collect_single:122 - VLTO: inserted=642, updated=0
2026-04-28 10:58:55.751 | DEBUG    | src.data_collection.collector:_collect_single:122 - VMC: inserted=4103, updated=0
2026-04-28 10:59:01.515 | DEBUG    | src.data_collection.collector:_collect_single:122 - VRSK: inserted=4103, updated=0
2026-04-28 10:59:07.143 | DEBUG    | src.data_collection.collector:_collect_single:122 - VRSN: inserted=4103, updated=0
2026-04-28 10:59:10.093 | DEBUG    | src.data_collection.collector:_collect_single:122 - VRT: inserted=1943, updated=0
2026-04-28 10:59:15.819 | DEBUG    | src.data_collection.collector:_collect_single:122 - VRTX: inserted=4103, updated=0
2026-04-28 10:59:19.245 | DEBUG    | src.data_collection.collector:_collect_single:122 - VST: inserted=2402, updated=0
2026-04-28 10:59:24.759 | DEBUG    | src.data_collection.collector:_collect_single:122 - VTR: inserted=4103, updated=0
2026-04-28 10:59:30.328 | DEBUG    | src.data_collection.collector:_collect_single:122 - VTRS: inserted=4103, updated=0
2026-04-28 10:59:36.487 | DEBUG    | src.data_collection.collector:_collect_single:122 - VZ: inserted=4103, updated=0
2026-04-28 10:59:42.573 | DEBUG    | src.data_collection.collector:_collect_single:122 - WAB: inserted=4103, updated=0
2026-04-28 10:59:48.141 | DEBUG    | src.data_collection.collector:_collect_single:122 - WAT: inserted=4103, updated=0
2026-04-28 10:59:54.572 | DEBUG    | src.data_collection.collector:_collect_single:122 - WBD: inserted=4103, updated=0
2026-04-28 10:59:59.782 | DEBUG    | src.data_collection.collector:_collect_single:122 - WDAY: inserted=3402, updated=0
2026-04-28 11:00:06.213 | DEBUG    | src.data_collection.collector:_collect_single:122 - WDC: inserted=4103, updated=0
2026-04-28 11:00:12.411 | DEBUG    | src.data_collection.collector:_collect_single:122 - WEC: inserted=4103, updated=0
2026-04-28 11:00:22.813 | DEBUG    | src.data_collection.collector:_collect_single:122 - WELL: inserted=4103, updated=0
2026-04-28 11:00:27.942 | DEBUG    | src.data_collection.collector:_collect_single:122 - WFC: inserted=4103, updated=0
2026-04-28 11:00:33.308 | DEBUG    | src.data_collection.collector:_collect_single:122 - WM: inserted=4103, updated=0
2026-04-28 11:00:38.948 | DEBUG    | src.data_collection.collector:_collect_single:122 - WMB: inserted=4103, updated=0
2026-04-28 11:00:44.701 | DEBUG    | src.data_collection.collector:_collect_single:122 - WMT: inserted=4103, updated=0
2026-04-28 11:00:51.263 | DEBUG    | src.data_collection.collector:_collect_single:122 - WRB: inserted=4103, updated=0
2026-04-28 11:00:56.344 | DEBUG    | src.data_collection.collector:_collect_single:122 - WSM: inserted=4103, updated=0
2026-04-28 11:01:04.367 | DEBUG    | src.data_collection.collector:_collect_single:122 - WST: inserted=4103, updated=0
2026-04-28 11:01:11.008 | DEBUG    | src.data_collection.collector:_collect_single:122 - WTW: inserted=4103, updated=0
2026-04-28 11:01:16.954 | DEBUG    | src.data_collection.collector:_collect_single:122 - WY: inserted=4103, updated=0
2026-04-28 11:01:22.163 | DEBUG    | src.data_collection.collector:_collect_single:122 - WYNN: inserted=4103, updated=0
2026-04-28 11:01:27.609 | DEBUG    | src.data_collection.collector:_collect_single:122 - XEL: inserted=4103, updated=0
2026-04-28 11:01:32.855 | DEBUG    | src.data_collection.collector:_collect_single:122 - XOM: inserted=4103, updated=0
2026-04-28 11:01:37.547 | DEBUG    | src.data_collection.collector:_collect_single:122 - XYL: inserted=3654, updated=0
2026-04-28 11:01:40.946 | DEBUG    | src.data_collection.collector:_collect_single:122 - XYZ: inserted=2622, updated=0
2026-04-28 11:01:45.738 | DEBUG    | src.data_collection.collector:_collect_single:122 - YUM: inserted=4103, updated=0
2026-04-28 11:01:46.039 | INFO     | src.data_collection.collector:collect_all:51 - Batch 11/11: 3 tickers
2026-04-28 11:01:50.857 | DEBUG    | src.data_collection.collector:_collect_single:122 - ZBH: inserted=4103, updated=0
2026-04-28 11:01:56.042 | DEBUG    | src.data_collection.collector:_collect_single:122 - ZBRA: inserted=4103, updated=0
2026-04-28 11:01:59.886 | DEBUG    | src.data_collection.collector:_collect_single:122 - ZTS: inserted=3328, updated=0
2026-04-28 11:02:00.187 | INFO     | src.data_collection.collector:collect_all:57 - Collection complete — success=503, failed=0, skipped=0
2026-04-28 11:02:00.187 | INFO     | __main__:main:27 - 완료: {'success': 503, 'failed': 0, 'skipped': 0}
2026-04-28 11:20:30.730 | INFO     | __main__:main:28 - === Phase 2: Feature Engineering 시작 ===
2026-04-28 11:20:30.731 | INFO     | __main__:main:31 - 1. 피처 계산 중...
2026-04-28 11:20:30.754 | INFO     | src.features.pipeline:build_all_features:47 - Building features for 503 tickers
2026-04-28 11:20:49.868 | INFO     | src.features.pipeline:build_all_features:62 -   50/503 tickers processed
2026-04-28 11:21:09.016 | INFO     | src.features.pipeline:build_all_features:62 -   100/503 tickers processed
2026-04-28 11:21:27.407 | INFO     | src.features.pipeline:build_all_features:62 -   150/503 tickers processed
2026-04-28 11:21:51.633 | INFO     | src.features.pipeline:build_all_features:62 -   200/503 tickers processed
2026-04-28 11:22:17.406 | INFO     | src.features.pipeline:build_all_features:62 -   250/503 tickers processed
2026-04-28 11:22:43.566 | INFO     | src.features.pipeline:build_all_features:62 -   300/503 tickers processed
2026-04-28 11:23:11.406 | INFO     | src.features.pipeline:build_all_features:62 -   350/503 tickers processed
2026-04-28 11:23:38.318 | INFO     | src.features.pipeline:build_all_features:62 -   400/503 tickers processed
2026-04-28 11:24:04.644 | INFO     | src.features.pipeline:build_all_features:62 -   450/503 tickers processed
2026-04-28 11:24:29.900 | INFO     | src.features.pipeline:build_all_features:62 -   500/503 tickers processed
2026-04-28 11:24:31.764 | INFO     | src.features.pipeline:build_all_features:72 - Feature build complete: 1,943,565 rows, 503 tickers, 0 failed
2026-04-28 11:24:31.826 | INFO     | __main__:main:35 - 2. features_all.parquet 저장 중...
2026-04-28 11:30:52.163 | INFO     | __main__:main:28 - === Phase 2: Feature Engineering 시작 ===
2026-04-28 11:30:52.164 | INFO     | __main__:main:31 - 1. 피처 계산 중...
2026-04-28 11:30:52.197 | INFO     | src.features.pipeline:build_all_features:47 - Building features for 503 tickers
2026-04-28 11:31:11.802 | INFO     | src.features.pipeline:build_all_features:62 -   50/503 tickers processed
2026-04-28 11:31:31.823 | INFO     | src.features.pipeline:build_all_features:62 -   100/503 tickers processed
2026-04-28 11:31:58.278 | INFO     | src.features.pipeline:build_all_features:62 -   150/503 tickers processed
2026-04-28 11:32:17.752 | INFO     | src.features.pipeline:build_all_features:62 -   200/503 tickers processed
2026-04-28 11:32:39.760 | INFO     | src.features.pipeline:build_all_features:62 -   250/503 tickers processed
2026-04-28 11:33:08.624 | INFO     | src.features.pipeline:build_all_features:62 -   300/503 tickers processed
2026-04-28 11:33:28.254 | INFO     | src.features.pipeline:build_all_features:62 -   350/503 tickers processed
2026-04-28 11:33:52.872 | INFO     | src.features.pipeline:build_all_features:62 -   400/503 tickers processed
2026-04-28 11:34:21.317 | INFO     | src.features.pipeline:build_all_features:62 -   450/503 tickers processed
2026-04-28 11:34:39.990 | INFO     | src.features.pipeline:build_all_features:62 -   500/503 tickers processed
2026-04-28 11:34:41.401 | INFO     | src.features.pipeline:build_all_features:72 - Feature build complete: 1,943,565 rows, 503 tickers, 0 failed
2026-04-28 11:34:41.451 | INFO     | __main__:main:35 - 2. features_all.parquet 저장 중...
2026-04-28 11:34:43.270 | INFO     | src.features.pipeline:save_features:84 - Saved 1,943,565 rows to data\features\features_all.parquet
2026-04-28 11:34:43.270 | INFO     | __main__:main:40 - 3. 데이터셋 분리 및 스케일링 중...
2026-04-28 11:34:44.395 | INFO     | src.features.dataset:build_dataset:59 - Split sizes — train: 1,278,771, valid: 248,928, test: 413,351
2026-04-28 11:34:48.079 | INFO     | src.features.dataset:save_dataset:115 - Dataset saved to data\features/
2026-04-28 11:34:48.084 | INFO     | __main__:main:44 -    train: 1,278,771행
2026-04-28 11:34:48.085 | INFO     | __main__:main:45 -    valid: 248,928행
2026-04-28 11:34:48.085 | INFO     | __main__:main:46 -    test : 413,351행
2026-04-28 11:34:48.085 | INFO     | __main__:main:47 -    피처 수: 38개
2026-04-28 11:34:48.085 | INFO     | __main__:main:50 - === Phase 2 완료 (3.9분) ===
2026-04-28 14:17:10.080 | INFO     | src.models.trainer:train:60 - scale_pos_weight = 1.1 (neg=131, pos=119)
2026-04-28 14:17:10.284 | INFO     | src.models.trainer:train:60 - scale_pos_weight = 1.1 (neg=131, pos=119)
2026-04-28 14:17:10.304 | INFO     | src.models.trainer:train:60 - scale_pos_weight = 1.1 (neg=131, pos=119)
2026-04-28 14:17:10.327 | INFO     | src.models.trainer:train:60 - scale_pos_weight = 1.1 (neg=131, pos=119)
2026-04-28 14:17:10.383 | INFO     | src.models.tuner:optimize:44 - Optuna 시작: 5 trials
2026-04-28 14:17:10.433 | INFO     | src.models.tuner:optimize:44 - Optuna 시작: 5 trials
2026-04-28 14:17:10.465 | INFO     | src.models.trainer:train:60 - scale_pos_weight = 1.1 (neg=131, pos=119)
2026-04-28 14:17:10.532 | INFO     | src.models.trainer:train:60 - scale_pos_weight = 1.1 (neg=131, pos=119)
2026-04-28 14:17:10.553 | INFO     | src.models.trainer:train:60 - scale_pos_weight = 1.1 (neg=131, pos=119)
2026-04-28 14:17:10.578 | INFO     | src.models.trainer:train:60 - scale_pos_weight = 1.1 (neg=131, pos=119)
2026-04-28 14:17:10.600 | INFO     | src.models.trainer:train:60 - scale_pos_weight = 1.04 (neg=51, pos=49)
2026-04-28 14:17:10.661 | INFO     | src.models.trainer:train:60 - scale_pos_weight = 1.17 (neg=54, pos=46)
2026-04-28 14:18:00.087 | INFO     | src.models.trainer:train:60 - scale_pos_weight = 1.1 (neg=131, pos=119)
2026-04-28 14:18:00.213 | INFO     | src.models.trainer:train:75 - Train acc: 0.9480 | Valid acc: 0.8720 | Gap: 0.0760
2026-04-28 14:18:00.215 | INFO     | src.models.trainer:train:60 - scale_pos_weight = 1.1 (neg=131, pos=119)
2026-04-28 14:18:00.279 | INFO     | src.models.trainer:train:75 - Train acc: 0.9480 | Valid acc: 0.8720 | Gap: 0.0760
2026-04-28 14:18:00.282 | INFO     | src.models.trainer:train:60 - scale_pos_weight = 1.1 (neg=131, pos=119)
2026-04-28 14:18:00.345 | INFO     | src.models.trainer:train:75 - Train acc: 0.9480 | Valid acc: 0.8720 | Gap: 0.0760
2026-04-28 14:18:00.352 | INFO     | src.models.trainer:train:60 - scale_pos_weight = 1.1 (neg=131, pos=119)
2026-04-28 14:18:00.416 | INFO     | src.models.trainer:train:75 - Train acc: 0.9480 | Valid acc: 0.8720 | Gap: 0.0760
2026-04-28 14:18:00.421 | INFO     | src.models.trainer:save:108 - Model saved → C:\Users\ThinkBook\AppData\Local\Temp\pytest-of-ThinkBook\pytest-1\test_save_and_load0\test_model.json
2026-04-28 14:18:00.683 | INFO     | src.models.tuner:optimize:44 - Optuna 시작: 5 trials
2026-04-28 14:18:01.043 | INFO     | src.models.tuner:optimize:99 - Best trial #0: valid_acc=0.92, train_acc=0.9533, gap=0.0333
2026-04-28 14:18:01.043 | INFO     | src.models.tuner:optimize:105 - Best params: {'n_estimators': 287, 'max_depth': 8, 'learning_rate': 0.1205712628744377, 'subsample': 0.8394633936788146, 'colsample_bytree': 0.5780093202212182, 'min_child_weight': 2, 'gamma': 0.05808361216819946, 'reg_alpha': 2.1423021757741068, 'reg_lambda': 0.10129197956845731}
2026-04-28 14:18:01.047 | INFO     | src.models.tuner:optimize:44 - Optuna 시작: 5 trials
2026-04-28 14:18:01.424 | INFO     | src.models.tuner:optimize:99 - Best trial #0: valid_acc=0.92, train_acc=0.9533, gap=0.0333
2026-04-28 14:18:01.424 | INFO     | src.models.tuner:optimize:105 - Best params: {'n_estimators': 287, 'max_depth': 8, 'learning_rate': 0.1205712628744377, 'subsample': 0.8394633936788146, 'colsample_bytree': 0.5780093202212182, 'min_child_weight': 2, 'gamma': 0.05808361216819946, 'reg_alpha': 2.1423021757741068, 'reg_lambda': 0.10129197956845731}
2026-04-28 14:18:01.426 | INFO     | src.models.trainer:train:60 - scale_pos_weight = 1.1 (neg=131, pos=119)
2026-04-28 14:18:01.493 | INFO     | src.models.trainer:train:75 - Train acc: 0.9480 | Valid acc: 0.8720 | Gap: 0.0760
2026-04-28 14:18:01.499 | INFO     | src.models.evaluator:_log_metrics:147 - [VALID] acc=0.8720 | prec=0.8806 | rec=0.8806 | f1=0.8806 | auc=0.9532
2026-04-28 14:18:01.501 | INFO     | src.models.trainer:train:60 - scale_pos_weight = 1.1 (neg=131, pos=119)
2026-04-28 14:18:01.570 | INFO     | src.models.trainer:train:75 - Train acc: 0.9480 | Valid acc: 0.8720 | Gap: 0.0760
2026-04-28 14:18:01.576 | INFO     | src.models.evaluator:_log_metrics:147 - [VALID] acc=0.8720 | prec=0.8806 | rec=0.8806 | f1=0.8806 | auc=0.9532
2026-04-28 14:18:01.577 | INFO     | src.models.trainer:train:60 - scale_pos_weight = 1.1 (neg=131, pos=119)
2026-04-28 14:18:01.643 | INFO     | src.models.trainer:train:75 - Train acc: 0.9480 | Valid acc: 0.8720 | Gap: 0.0760
2026-04-28 14:18:01.649 | INFO     | src.models.evaluator:_log_metrics:147 - [TRAIN] acc=0.9480 | prec=0.9344 | rec=0.9580 | f1=0.9461 | auc=0.993
2026-04-28 14:18:01.654 | INFO     | src.models.evaluator:_log_metrics:147 - [VALID] acc=0.8720 | prec=0.8806 | rec=0.8806 | f1=0.8806 | auc=0.9532
2026-04-28 14:18:01.660 | INFO     | src.models.evaluator:_log_metrics:147 - [TEST ] acc=0.8720 | prec=0.8806 | rec=0.8806 | f1=0.8806 | auc=0.9532
2026-04-28 14:18:01.660 | INFO     | src.models.evaluator:_check_phase3_criteria:99 - ==================================================
2026-04-28 14:18:01.660 | INFO     | src.models.evaluator:_check_phase3_criteria:100 - [ Phase 3 성능 기준 체크 ]
2026-04-28 14:18:01.660 | INFO     | src.models.evaluator:_check_phase3_criteria:101 -   검증 정확도 55% 이상:  0.8720 → ✓ PASS
2026-04-28 14:18:01.661 | INFO     | src.models.evaluator:_check_phase3_criteria:104 -   과적합 gap 5% 이내:   0.0760 → ✗ FAIL
2026-04-28 14:18:01.661 | INFO     | src.models.evaluator:_check_phase3_criteria:107 - ==================================================
2026-04-28 14:18:01.661 | WARNING  | src.models.evaluator:_check_phase3_criteria:112 - 과적합 gap이 5%를 초과했습니다. 정규화 강화 또는 early stopping을 조정하세요.
2026-04-28 14:18:01.666 | INFO     | src.models.trainer:train:60 - scale_pos_weight = 1.1 (neg=131, pos=119)
2026-04-28 14:18:01.736 | INFO     | src.models.trainer:train:75 - Train acc: 0.9480 | Valid acc: 0.8720 | Gap: 0.0760
2026-04-28 14:18:01.742 | INFO     | src.models.evaluator:_log_metrics:147 - [VALID] acc=0.8720 | prec=0.8806 | rec=0.8806 | f1=0.8806 | auc=0.9532
2026-04-28 14:18:01.742 | INFO     | src.models.evaluator:save_report:143 - Evaluation report saved → C:\Users\ThinkBook\AppData\Local\Temp\pytest-of-ThinkBook\pytest-1\test_save_report0\test_eval.json
2026-04-28 14:18:01.744 | INFO     | src.models.trainer:train:60 - scale_pos_weight = 1.04 (neg=51, pos=49)
2026-04-28 14:18:01.821 | INFO     | src.models.trainer:train:75 - Train acc: 0.8900 | Valid acc: 0.8500 | Gap: 0.0400
2026-04-28 14:18:01.823 | INFO     | src.models.explainer:fit_transform:55 - SHAP 샘플링: 100 → 50행
2026-04-28 14:18:01.823 | INFO     | src.models.explainer:fit_transform:59 - SHAP TreeExplainer 초기화 중...
2026-04-28 14:18:01.842 | INFO     | src.models.explainer:fit_transform:62 - SHAP 값 계산 중... (수 분 소요될 수 있음)
2026-04-28 14:18:01.847 | INFO     | src.models.explainer:fit_transform:83 - 하위 20% 제거 후보 (1개): ['feat_4']
2026-04-28 14:18:01.847 | INFO     | src.models.explainer:_log_top_features:93 - === Top 15 피처 (SHAP 중요도) ===
2026-04-28 14:18:01.847 | INFO     | src.models.explainer:_log_top_features:96 -    1. feat_0                         1.93410 ████████████████████
2026-04-28 14:18:01.847 | INFO     | src.models.explainer:_log_top_features:96 -    2. feat_1                         0.86070 ████████
2026-04-28 14:18:01.847 | INFO     | src.models.explainer:_log_top_features:96 -    3. feat_3                         0.15960 █
2026-04-28 14:18:01.848 | INFO     | src.models.explainer:_log_top_features:96 -    4. feat_2                         0.15543 █
2026-04-28 14:18:01.848 | INFO     | src.models.explainer:_log_top_features:96 -    5. feat_4                         0.02639 
2026-04-28 14:18:01.849 | INFO     | src.models.trainer:train:60 - scale_pos_weight = 1.17 (neg=54, pos=46)
2026-04-28 14:18:01.887 | INFO     | src.models.trainer:train:75 - Train acc: 0.9200 | Valid acc: 0.8000 | Gap: 0.1200
2026-04-28 14:18:01.888 | INFO     | src.models.explainer:fit_transform:55 - SHAP 샘플링: 100 → 50행
2026-04-28 14:18:01.888 | INFO     | src.models.explainer:fit_transform:59 - SHAP TreeExplainer 초기화 중...
2026-04-28 14:18:01.894 | INFO     | src.models.explainer:fit_transform:62 - SHAP 값 계산 중... (수 분 소요될 수 있음)
2026-04-28 14:18:01.898 | INFO     | src.models.explainer:fit_transform:83 - 하위 10% 제거 후보 (6개): ['feat_4', 'feat_3', 'feat_5', 'feat_7', 'feat_8', 'feat_9']
2026-04-28 14:18:01.898 | INFO     | src.models.explainer:_log_top_features:93 - === Top 15 피처 (SHAP 중요도) ===
2026-04-28 14:18:01.898 | INFO     | src.models.explainer:_log_top_features:96 -    1. feat_0                         1.84936 ████████████████████
2026-04-28 14:18:01.898 | INFO     | src.models.explainer:_log_top_features:96 -    2. feat_1                         0.25419 ██
2026-04-28 14:18:01.898 | INFO     | src.models.explainer:_log_top_features:96 -    3. feat_2                         0.14009 █
2026-04-28 14:18:01.898 | INFO     | src.models.explainer:_log_top_features:96 -    4. feat_6                         0.05596 
2026-04-28 14:18:01.898 | INFO     | src.models.explainer:_log_top_features:96 -    5. feat_4                         0.00000 
2026-04-28 14:18:01.899 | INFO     | src.models.explainer:_log_top_features:96 -    6. feat_3                         0.00000 
2026-04-28 14:18:01.899 | INFO     | src.models.explainer:_log_top_features:96 -    7. feat_5                         0.00000 
2026-04-28 14:18:01.899 | INFO     | src.models.explainer:_log_top_features:96 -    8. feat_7                         0.00000 
2026-04-28 14:18:01.899 | INFO     | src.models.explainer:_log_top_features:96 -    9. feat_8                         0.00000 
2026-04-28 14:18:01.899 | INFO     | src.models.explainer:_log_top_features:96 -   10. feat_9                         0.00000 
2026-04-28 14:18:27.279 | INFO     | src.models.trainer:train:60 - scale_pos_weight = 1.1 (neg=131, pos=119)
2026-04-28 14:18:27.383 | INFO     | src.models.trainer:train:75 - Train acc: 0.9480 | Valid acc: 0.8720 | Gap: 0.0760
2026-04-28 14:18:27.388 | INFO     | src.models.trainer:train:60 - scale_pos_weight = 1.1 (neg=131, pos=119)
2026-04-28 14:18:27.453 | INFO     | src.models.trainer:train:75 - Train acc: 0.9480 | Valid acc: 0.8720 | Gap: 0.0760
2026-04-28 14:18:27.457 | INFO     | src.models.trainer:train:60 - scale_pos_weight = 1.1 (neg=131, pos=119)
2026-04-28 14:18:27.528 | INFO     | src.models.trainer:train:75 - Train acc: 0.9480 | Valid acc: 0.8720 | Gap: 0.0760
2026-04-28 14:18:27.536 | INFO     | src.models.trainer:train:60 - scale_pos_weight = 1.1 (neg=131, pos=119)
2026-04-28 14:18:27.615 | INFO     | src.models.trainer:train:75 - Train acc: 0.9480 | Valid acc: 0.8720 | Gap: 0.0760
2026-04-28 14:18:27.618 | INFO     | src.models.trainer:save:104 - Model saved → C:\Users\ThinkBook\AppData\Local\Temp\pytest-of-ThinkBook\pytest-2\test_save_and_load0\test_model.pkl
2026-04-28 14:18:27.637 | INFO     | src.models.trainer:load:124 - Model loaded ← C:\Users\ThinkBook\AppData\Local\Temp\pytest-of-ThinkBook\pytest-2\test_save_and_load0\test_model.pkl
2026-04-28 14:18:27.644 | INFO     | src.models.tuner:optimize:44 - Optuna 시작: 5 trials
2026-04-28 14:18:27.985 | INFO     | src.models.tuner:optimize:99 - Best trial #0: valid_acc=0.92, train_acc=0.9533, gap=0.0333
2026-04-28 14:18:27.985 | INFO     | src.models.tuner:optimize:105 - Best params: {'n_estimators': 287, 'max_depth': 8, 'learning_rate': 0.1205712628744377, 'subsample': 0.8394633936788146, 'colsample_bytree': 0.5780093202212182, 'min_child_weight': 2, 'gamma': 0.05808361216819946, 'reg_alpha': 2.1423021757741068, 'reg_lambda': 0.10129197956845731}
2026-04-28 14:18:27.987 | INFO     | src.models.tuner:optimize:44 - Optuna 시작: 5 trials
2026-04-28 14:18:28.344 | INFO     | src.models.tuner:optimize:99 - Best trial #0: valid_acc=0.92, train_acc=0.9533, gap=0.0333
2026-04-28 14:18:28.344 | INFO     | src.models.tuner:optimize:105 - Best params: {'n_estimators': 287, 'max_depth': 8, 'learning_rate': 0.1205712628744377, 'subsample': 0.8394633936788146, 'colsample_bytree': 0.5780093202212182, 'min_child_weight': 2, 'gamma': 0.05808361216819946, 'reg_alpha': 2.1423021757741068, 'reg_lambda': 0.10129197956845731}
2026-04-28 14:18:28.346 | INFO     | src.models.trainer:train:60 - scale_pos_weight = 1.1 (neg=131, pos=119)
2026-04-28 14:18:28.416 | INFO     | src.models.trainer:train:75 - Train acc: 0.9480 | Valid acc: 0.8720 | Gap: 0.0760
2026-04-28 14:18:28.424 | INFO     | src.models.evaluator:_log_metrics:147 - [VALID] acc=0.8720 | prec=0.8806 | rec=0.8806 | f1=0.8806 | auc=0.9532
2026-04-28 14:18:28.425 | INFO     | src.models.trainer:train:60 - scale_pos_weight = 1.1 (neg=131, pos=119)
2026-04-28 14:18:28.494 | INFO     | src.models.trainer:train:75 - Train acc: 0.9480 | Valid acc: 0.8720 | Gap: 0.0760
2026-04-28 14:18:28.500 | INFO     | src.models.evaluator:_log_metrics:147 - [VALID] acc=0.8720 | prec=0.8806 | rec=0.8806 | f1=0.8806 | auc=0.9532
2026-04-28 14:18:28.502 | INFO     | src.models.trainer:train:60 - scale_pos_weight = 1.1 (neg=131, pos=119)
2026-04-28 14:18:28.575 | INFO     | src.models.trainer:train:75 - Train acc: 0.9480 | Valid acc: 0.8720 | Gap: 0.0760
2026-04-28 14:18:28.581 | INFO     | src.models.evaluator:_log_metrics:147 - [TRAIN] acc=0.9480 | prec=0.9344 | rec=0.9580 | f1=0.9461 | auc=0.993
2026-04-28 14:18:28.587 | INFO     | src.models.evaluator:_log_metrics:147 - [VALID] acc=0.8720 | prec=0.8806 | rec=0.8806 | f1=0.8806 | auc=0.9532
2026-04-28 14:18:28.592 | INFO     | src.models.evaluator:_log_metrics:147 - [TEST ] acc=0.8720 | prec=0.8806 | rec=0.8806 | f1=0.8806 | auc=0.9532
2026-04-28 14:18:28.593 | INFO     | src.models.evaluator:_check_phase3_criteria:99 - ==================================================
2026-04-28 14:18:28.593 | INFO     | src.models.evaluator:_check_phase3_criteria:100 - [ Phase 3 성능 기준 체크 ]
2026-04-28 14:18:28.593 | INFO     | src.models.evaluator:_check_phase3_criteria:101 -   검증 정확도 55% 이상:  0.8720 → ✓ PASS
2026-04-28 14:18:28.593 | INFO     | src.models.evaluator:_check_phase3_criteria:104 -   과적합 gap 5% 이내:   0.0760 → ✗ FAIL
2026-04-28 14:18:28.593 | INFO     | src.models.evaluator:_check_phase3_criteria:107 - ==================================================
2026-04-28 14:18:28.593 | WARNING  | src.models.evaluator:_check_phase3_criteria:112 - 과적합 gap이 5%를 초과했습니다. 정규화 강화 또는 early stopping을 조정하세요.
2026-04-28 14:18:28.597 | INFO     | src.models.trainer:train:60 - scale_pos_weight = 1.1 (neg=131, pos=119)
2026-04-28 14:18:28.665 | INFO     | src.models.trainer:train:75 - Train acc: 0.9480 | Valid acc: 0.8720 | Gap: 0.0760
2026-04-28 14:18:28.671 | INFO     | src.models.evaluator:_log_metrics:147 - [VALID] acc=0.8720 | prec=0.8806 | rec=0.8806 | f1=0.8806 | auc=0.9532
2026-04-28 14:18:28.672 | INFO     | src.models.evaluator:save_report:143 - Evaluation report saved → C:\Users\ThinkBook\AppData\Local\Temp\pytest-of-ThinkBook\pytest-2\test_save_report0\test_eval.json
2026-04-28 14:18:28.675 | INFO     | src.models.trainer:train:60 - scale_pos_weight = 1.04 (neg=51, pos=49)
2026-04-28 14:18:28.754 | INFO     | src.models.trainer:train:75 - Train acc: 0.8900 | Valid acc: 0.8500 | Gap: 0.0400
2026-04-28 14:18:28.755 | INFO     | src.models.explainer:fit_transform:55 - SHAP 샘플링: 100 → 50행
2026-04-28 14:18:28.755 | INFO     | src.models.explainer:fit_transform:59 - SHAP TreeExplainer 초기화 중...
2026-04-28 14:18:28.775 | INFO     | src.models.explainer:fit_transform:62 - SHAP 값 계산 중... (수 분 소요될 수 있음)
2026-04-28 14:18:28.780 | INFO     | src.models.explainer:fit_transform:83 - 하위 20% 제거 후보 (1개): ['feat_4']
2026-04-28 14:18:28.781 | INFO     | src.models.explainer:_log_top_features:93 - === Top 15 피처 (SHAP 중요도) ===
2026-04-28 14:18:28.781 | INFO     | src.models.explainer:_log_top_features:96 -    1. feat_0                         1.93410 ████████████████████
2026-04-28 14:18:28.781 | INFO     | src.models.explainer:_log_top_features:96 -    2. feat_1                         0.86070 ████████
2026-04-28 14:18:28.781 | INFO     | src.models.explainer:_log_top_features:96 -    3. feat_3                         0.15960 █
2026-04-28 14:18:28.781 | INFO     | src.models.explainer:_log_top_features:96 -    4. feat_2                         0.15543 █
2026-04-28 14:18:28.781 | INFO     | src.models.explainer:_log_top_features:96 -    5. feat_4                         0.02639 
2026-04-28 14:18:28.784 | INFO     | src.models.trainer:train:60 - scale_pos_weight = 1.17 (neg=54, pos=46)
2026-04-28 14:18:28.823 | INFO     | src.models.trainer:train:75 - Train acc: 0.9200 | Valid acc: 0.8000 | Gap: 0.1200
2026-04-28 14:18:28.824 | INFO     | src.models.explainer:fit_transform:55 - SHAP 샘플링: 100 → 50행
2026-04-28 14:18:28.824 | INFO     | src.models.explainer:fit_transform:59 - SHAP TreeExplainer 초기화 중...
2026-04-28 14:18:28.831 | INFO     | src.models.explainer:fit_transform:62 - SHAP 값 계산 중... (수 분 소요될 수 있음)
2026-04-28 14:18:28.833 | INFO     | src.models.explainer:fit_transform:83 - 하위 10% 제거 후보 (6개): ['feat_4', 'feat_3', 'feat_5', 'feat_7', 'feat_8', 'feat_9']
2026-04-28 14:18:28.833 | INFO     | src.models.explainer:_log_top_features:93 - === Top 15 피처 (SHAP 중요도) ===
2026-04-28 14:18:28.835 | INFO     | src.models.explainer:_log_top_features:96 -    1. feat_0                         1.84936 ████████████████████
2026-04-28 14:18:28.835 | INFO     | src.models.explainer:_log_top_features:96 -    2. feat_1                         0.25419 ██
2026-04-28 14:18:28.835 | INFO     | src.models.explainer:_log_top_features:96 -    3. feat_2                         0.14009 █
2026-04-28 14:18:28.835 | INFO     | src.models.explainer:_log_top_features:96 -    4. feat_6                         0.05596 
2026-04-28 14:18:28.835 | INFO     | src.models.explainer:_log_top_features:96 -    5. feat_4                         0.00000 
2026-04-28 14:18:28.835 | INFO     | src.models.explainer:_log_top_features:96 -    6. feat_3                         0.00000 
2026-04-28 14:18:28.836 | INFO     | src.models.explainer:_log_top_features:96 -    7. feat_5                         0.00000 
2026-04-28 14:18:28.836 | INFO     | src.models.explainer:_log_top_features:96 -    8. feat_7                         0.00000 
2026-04-28 14:18:28.836 | INFO     | src.models.explainer:_log_top_features:96 -    9. feat_8                         0.00000 
2026-04-28 14:18:28.836 | INFO     | src.models.explainer:_log_top_features:96 -   10. feat_9                         0.00000 
2026-04-28 14:19:08.352 | INFO     | __main__:main:47 - ============================================================
2026-04-28 14:19:08.353 | INFO     | __main__:main:48 - Phase 3: XGBoost 모델 학습 시작
2026-04-28 14:19:08.353 | INFO     | __main__:main:49 - ============================================================
2026-04-28 14:19:08.353 | INFO     | __main__:main:52 - [1/5] 데이터셋 로드 중...
2026-04-28 14:19:09.474 | INFO     | __main__:main:62 -   train: (1278771, 38) | valid: (248928, 38) | test: (413351, 38)
2026-04-28 14:19:09.475 | INFO     | __main__:main:65 -   피처 수: 38
2026-04-28 14:19:09.475 | INFO     | __main__:main:70 - [2/5] Optuna 하이퍼파라미터 튜닝 (100 trials)...
2026-04-28 14:19:09.475 | INFO     | src.models.tuner:optimize:44 - Optuna 시작: 100 trials
2026-04-28 14:22:38.767 | INFO     | src.models.tuner:optimize:99 - Best trial #70: valid_acc=0.533, train_acc=0.6215, gap=0.0886
2026-04-28 14:22:38.767 | INFO     | src.models.tuner:optimize:105 - Best params: {'n_estimators': 448, 'max_depth': 3, 'learning_rate': 0.03768638956287555, 'subsample': 0.761029591654614, 'colsample_bytree': 0.5164527853113653, 'min_child_weight': 4, 'gamma': 0.2814741804849516, 'reg_alpha': 0.7347949073462787, 'reg_lambda': 0.45993041410657787}
2026-04-28 14:22:38.779 | INFO     | src.models.tuner:save_study:136 - Study saved → data\models\optuna_study.json
2026-04-28 14:22:38.786 | INFO     | __main__:main:76 - Top 5 trials:
2026-04-28 14:22:38.786 | INFO     | __main__:main:78 -   # 70: valid_acc=0.533, gap=0.0886
2026-04-28 14:22:38.786 | INFO     | __main__:main:78 -   # 71: valid_acc=0.533, gap=0.0886
2026-04-28 14:22:38.787 | INFO     | __main__:main:78 -   # 72: valid_acc=0.533, gap=0.0886
2026-04-28 14:22:38.787 | INFO     | __main__:main:78 -   # 73: valid_acc=0.533, gap=0.0886
2026-04-28 14:22:38.787 | INFO     | __main__:main:78 -   # 74: valid_acc=0.533, gap=0.0886
2026-04-28 14:22:38.787 | INFO     | __main__:main:83 - [3/5] XGBoost 모델 학습 중...
2026-04-28 14:22:38.790 | INFO     | src.models.trainer:train:60 - scale_pos_weight = 2.5 (neg=913787, pos=364984)
2026-04-28 14:22:41.200 | INFO     | src.models.trainer:train:75 - Train acc: 0.6215 | Valid acc: 0.5330 | Gap: 0.0886
2026-04-28 14:22:41.203 | INFO     | src.models.trainer:save:104 - Model saved → data\models\xgb_model.pkl
2026-04-28 14:22:41.203 | INFO     | __main__:main:89 - [4/5] 모델 성능 평가...
2026-04-28 14:22:42.926 | INFO     | src.models.evaluator:_log_metrics:147 - [TRAIN] acc=0.6215 | prec=0.3663 | rec=0.4468 | f1=0.4026 | auc=0.5987
2026-04-28 14:22:43.271 | INFO     | src.models.evaluator:_log_metrics:147 - [VALID] acc=0.5330 | prec=0.3561 | rec=0.5917 | f1=0.4446 | auc=0.5672
2026-04-28 14:22:43.810 | INFO     | src.models.evaluator:_log_metrics:147 - [TEST ] acc=0.5722 | prec=0.3481 | rec=0.4725 | f1=0.4009 | auc=0.5638
2026-04-28 14:22:43.811 | INFO     | src.models.evaluator:_check_phase3_criteria:99 - ==================================================
2026-04-28 14:22:43.811 | INFO     | src.models.evaluator:_check_phase3_criteria:100 - [ Phase 3 성능 기준 체크 ]
2026-04-28 14:22:43.811 | INFO     | src.models.evaluator:_check_phase3_criteria:101 -   검증 정확도 55% 이상:  0.5330 → ✗ FAIL
2026-04-28 14:22:43.811 | INFO     | src.models.evaluator:_check_phase3_criteria:104 -   과적합 gap 5% 이내:   0.0885 → ✗ FAIL
2026-04-28 14:22:43.811 | INFO     | src.models.evaluator:_check_phase3_criteria:107 - ==================================================
2026-04-28 14:22:43.812 | WARNING  | src.models.evaluator:_check_phase3_criteria:110 - 검증 정확도가 목표(55%) 미달입니다. 피처/파라미터를 재검토하세요.
2026-04-28 14:22:43.812 | WARNING  | src.models.evaluator:_check_phase3_criteria:112 - 과적합 gap이 5%를 초과했습니다. 정규화 강화 또는 early stopping을 조정하세요.
2026-04-28 14:22:43.812 | INFO     | src.models.evaluator:save_report:143 - Evaluation report saved → data\reports\evaluation.json
2026-04-28 14:22:43.813 | INFO     | __main__:main:106 - [5/5] SHAP 피처 중요도 분석 중...
2026-04-28 14:22:43.818 | INFO     | src.models.explainer:fit_transform:55 - SHAP 샘플링: 248,928 → 5,000행
2026-04-28 14:22:43.818 | INFO     | src.models.explainer:fit_transform:59 - SHAP TreeExplainer 초기화 중...
2026-04-28 14:22:43.821 | INFO     | src.models.explainer:fit_transform:62 - SHAP 값 계산 중... (수 분 소요될 수 있음)
2026-04-28 14:22:43.832 | INFO     | src.models.explainer:fit_transform:83 - 하위 10% 제거 후보 (35개): ['ma_alignment_bull', 'golden_cross', 'dead_cross', 'cdl_hammer', 'trend_slope_20', 'ma_alignment_bear', 'cdl_doji', 'cdl_three_soldiers', 'cdl_three_crows', 'cdl_morning_star', 'cdl_engulfing', 'resistance_distance_pct', 'resistance_breakout', 'near_52w_low', 'near_52w_high', 'head_and_shoulders', 'double_top', 'support_distance_pct', 'cdl_evening_star', 'triangle_convergence', 'double_bottom', 'stoch_d', 'macd_hist', 'cci_20', 'bb_pct_b', 'bb_width', 'stoch_k', 'atr_14', 'return_5d', 'return_20d', 'price_vs_ma20', 'price_vs_ma60', 'volume_ratio_20', 'obv_trend', 'volume_surge']
2026-04-28 14:22:43.832 | INFO     | src.models.explainer:_log_top_features:93 - === Top 15 피처 (SHAP 중요도) ===
2026-04-28 14:22:43.832 | INFO     | src.models.explainer:_log_top_features:96 -    1. volatility_20                  0.00959 ████████████████████
2026-04-28 14:22:43.833 | INFO     | src.models.explainer:_log_top_features:96 -    2. rsi_14                         0.00357 ███████
2026-04-28 14:22:43.833 | INFO     | src.models.explainer:_log_top_features:96 -    3. return_60d                     0.00219 ████
2026-04-28 14:22:43.833 | INFO     | src.models.explainer:_log_top_features:96 -    4. ma_alignment_bull              0.00000 
2026-04-28 14:22:43.833 | INFO     | src.models.explainer:_log_top_features:96 -    5. golden_cross                   0.00000 
2026-04-28 14:22:43.833 | INFO     | src.models.explainer:_log_top_features:96 -    6. dead_cross                     0.00000 
2026-04-28 14:22:43.834 | INFO     | src.models.explainer:_log_top_features:96 -    7. cdl_hammer                     0.00000 
2026-04-28 14:22:43.834 | INFO     | src.models.explainer:_log_top_features:96 -    8. trend_slope_20                 0.00000 
2026-04-28 14:22:43.834 | INFO     | src.models.explainer:_log_top_features:96 -    9. ma_alignment_bear              0.00000 
2026-04-28 14:22:43.834 | INFO     | src.models.explainer:_log_top_features:96 -   10. cdl_doji                       0.00000 
2026-04-28 14:22:43.835 | INFO     | src.models.explainer:_log_top_features:96 -   11. cdl_three_soldiers             0.00000 
2026-04-28 14:22:43.835 | INFO     | src.models.explainer:_log_top_features:96 -   12. cdl_three_crows                0.00000 
2026-04-28 14:22:43.835 | INFO     | src.models.explainer:_log_top_features:96 -   13. cdl_morning_star               0.00000 
2026-04-28 14:22:43.835 | INFO     | src.models.explainer:_log_top_features:96 -   14. cdl_engulfing                  0.00000 
2026-04-28 14:22:43.835 | INFO     | src.models.explainer:_log_top_features:96 -   15. resistance_distance_pct        0.00000 
2026-04-28 14:22:43.877 | INFO     | src.models.explainer:save_importance:116 - SHAP importance saved → data\reports\shap_importance.csv
2026-04-28 14:22:43.879 | INFO     | src.models.explainer:save_shap_values:127 - SHAP values saved → data\models\shap_values.pkl
2026-04-28 14:22:43.880 | WARNING  | src.models.explainer:try_save_plot:157 - SHAP plot 저장 실패 (무시): No module named 'matplotlib'
2026-04-28 14:22:43.880 | INFO     | __main__:main:143 - ============================================================
2026-04-28 14:22:43.880 | INFO     | __main__:main:144 - Phase 3 완료
2026-04-28 14:22:43.880 | INFO     | __main__:main:145 -   모델: data/models/xgb_model.json
2026-04-28 14:22:43.880 | INFO     | __main__:main:146 -   평가: data/reports/evaluation.json
2026-04-28 14:22:43.880 | INFO     | __main__:main:147 - ============================================================
2026-04-28 14:27:45.616 | INFO     | __main__:main:51 - features_all.parquet 로드 중... (data\features\features_all.parquet)
2026-04-28 14:27:45.871 | INFO     | __main__:main:53 -   로드 완료: 1,943,565행
2026-04-28 14:27:45.876 | INFO     | __main__:main:57 - 기존 positive rate: 29.30% (threshold=0.02)
2026-04-28 14:27:45.876 | INFO     | __main__:main:59 - target 재계산 중... (threshold=1.5%, horizon=5일)
2026-04-28 14:27:46.852 | INFO     | __main__:main:64 - 신규 positive rate: 35.01% (threshold=1.5%)
2026-04-28 14:27:46.853 | INFO     | __main__:main:67 - features_all.parquet 덮어쓰기 중...
2026-04-28 14:27:48.491 | INFO     | __main__:main:71 - train/valid/test 재분리 + 스케일링 중...
2026-04-28 14:27:49.398 | INFO     | src.features.dataset:build_dataset:59 - Split sizes — train: 1,278,771, valid: 248,928, test: 413,351
2026-04-28 14:27:53.340 | INFO     | src.features.dataset:save_dataset:115 - Dataset saved to data\features/
2026-04-28 14:27:53.345 | INFO     | __main__:main:75 - ==================================================
2026-04-28 14:27:53.345 | INFO     | __main__:main:76 - 데이터셋 재구성 완료
2026-04-28 14:27:53.345 | INFO     | __main__:main:77 -   threshold : 1.5%
2026-04-28 14:27:53.345 | INFO     | __main__:main:78 -   positive  : 29.30% → 35.01%
2026-04-28 14:27:53.347 | INFO     | __main__:main:79 -   train     : 1,278,771행
2026-04-28 14:27:53.347 | INFO     | __main__:main:80 -   valid     : 248,928행
2026-04-28 14:27:53.347 | INFO     | __main__:main:81 -   test      : 413,351행
2026-04-28 14:27:53.347 | INFO     | __main__:main:82 - ==================================================
2026-04-28 14:27:53.347 | INFO     | __main__:main:83 - 이제 python scripts/train_model.py 를 실행하세요.
2026-04-28 14:28:41.499 | INFO     | __main__:main:47 - ============================================================
2026-04-28 14:28:41.500 | INFO     | __main__:main:48 - Phase 3: XGBoost 모델 학습 시작
2026-04-28 14:28:41.500 | INFO     | __main__:main:49 - ============================================================
2026-04-28 14:28:41.500 | INFO     | __main__:main:52 - [1/5] 데이터셋 로드 중...
2026-04-28 14:28:41.946 | INFO     | __main__:main:62 -   train: (1278771, 38) | valid: (248928, 38) | test: (413351, 38)
2026-04-28 14:28:41.947 | INFO     | __main__:main:65 -   피처 수: 38
2026-04-28 14:28:41.948 | INFO     | __main__:main:70 - [2/5] Optuna 하이퍼파라미터 튜닝 (100 trials)...
2026-04-28 14:28:41.948 | INFO     | src.models.tuner:optimize:44 - Optuna 시작: 100 trials
2026-04-28 14:32:14.895 | INFO     | src.models.tuner:optimize:99 - Best trial #42: valid_acc=0.4979, train_acc=0.5734, gap=0.0755
2026-04-28 14:32:14.895 | INFO     | src.models.tuner:optimize:105 - Best params: {'n_estimators': 164, 'max_depth': 5, 'learning_rate': 0.21977891103724534, 'subsample': 0.6808515392010255, 'colsample_bytree': 0.7624495686848151, 'min_child_weight': 2, 'gamma': 0.4319021304902405, 'reg_alpha': 0.2080245112869547, 'reg_lambda': 0.001159662893697174}
2026-04-28 14:32:14.906 | INFO     | src.models.tuner:save_study:136 - Study saved → data\models\optuna_study.json
2026-04-28 14:32:14.914 | INFO     | __main__:main:76 - Top 5 trials:
2026-04-28 14:32:14.914 | INFO     | __main__:main:78 -   # 42: valid_acc=0.4979, gap=0.0755
2026-04-28 14:32:14.914 | INFO     | __main__:main:78 -   # 88: valid_acc=0.4963, gap=0.0741
2026-04-28 14:32:14.914 | INFO     | __main__:main:78 -   # 89: valid_acc=0.4963, gap=0.0741
2026-04-28 14:32:14.915 | INFO     | __main__:main:78 -   # 94: valid_acc=0.4963, gap=0.0741
2026-04-28 14:32:14.915 | INFO     | __main__:main:78 -   # 95: valid_acc=0.4963, gap=0.0741
2026-04-28 14:32:14.915 | INFO     | __main__:main:83 - [3/5] XGBoost 모델 학습 중...
2026-04-28 14:32:14.918 | INFO     | src.models.trainer:train:60 - scale_pos_weight = 1.9 (neg=837358, pos=441413)
2026-04-28 14:32:17.444 | INFO     | src.models.trainer:train:75 - Train acc: 0.5734 | Valid acc: 0.4979 | Gap: 0.0755
2026-04-28 14:32:17.446 | INFO     | src.models.trainer:save:104 - Model saved → data\models\xgb_model.pkl
2026-04-28 14:32:17.446 | INFO     | __main__:main:89 - [4/5] 모델 성능 평가...
2026-04-28 14:32:19.136 | INFO     | src.models.evaluator:_log_metrics:147 - [TRAIN] acc=0.5734 | prec=0.4082 | rec=0.5244 | f1=0.4590 | auc=0.5848
2026-04-28 14:32:19.470 | INFO     | src.models.evaluator:_log_metrics:147 - [VALID] acc=0.4979 | prec=0.3932 | rec=0.6878 | f1=0.5003 | auc=0.5577
2026-04-28 14:32:20.039 | INFO     | src.models.evaluator:_log_metrics:147 - [TEST ] acc=0.5226 | prec=0.3892 | rec=0.5979 | f1=0.4715 | auc=0.5527
2026-04-28 14:32:20.040 | INFO     | src.models.evaluator:_check_phase3_criteria:99 - ==================================================
2026-04-28 14:32:20.040 | INFO     | src.models.evaluator:_check_phase3_criteria:100 - [ Phase 3 성능 기준 체크 ]
2026-04-28 14:32:20.040 | INFO     | src.models.evaluator:_check_phase3_criteria:101 -   검증 정확도 55% 이상:  0.4979 → ✗ FAIL
2026-04-28 14:32:20.040 | INFO     | src.models.evaluator:_check_phase3_criteria:104 -   과적합 gap 5% 이내:   0.0755 → ✗ FAIL
2026-04-28 14:32:20.041 | INFO     | src.models.evaluator:_check_phase3_criteria:107 - ==================================================
2026-04-28 14:32:20.041 | WARNING  | src.models.evaluator:_check_phase3_criteria:110 - 검증 정확도가 목표(55%) 미달입니다. 피처/파라미터를 재검토하세요.
2026-04-28 14:32:20.041 | WARNING  | src.models.evaluator:_check_phase3_criteria:112 - 과적합 gap이 5%를 초과했습니다. 정규화 강화 또는 early stopping을 조정하세요.
2026-04-28 14:32:20.041 | INFO     | src.models.evaluator:save_report:143 - Evaluation report saved → data\reports\evaluation.json
2026-04-28 14:32:20.042 | INFO     | __main__:main:106 - [5/5] SHAP 피처 중요도 분석 중...
2026-04-28 14:32:20.046 | INFO     | src.models.explainer:fit_transform:55 - SHAP 샘플링: 248,928 → 5,000행
2026-04-28 14:32:20.046 | INFO     | src.models.explainer:fit_transform:59 - SHAP TreeExplainer 초기화 중...
2026-04-28 14:32:20.050 | INFO     | src.models.explainer:fit_transform:62 - SHAP 값 계산 중... (수 분 소요될 수 있음)
2026-04-28 14:32:20.060 | INFO     | src.models.explainer:fit_transform:83 - 하위 10% 제거 후보 (28개): ['golden_cross', 'ma_alignment_bear', 'ma_alignment_bull', 'dead_cross', 'cdl_hammer', 'resistance_distance_pct', 'cdl_doji', 'cdl_engulfing', 'cdl_three_soldiers', 'cdl_three_crows', 'cdl_morning_star', 'cdl_evening_star', 'triangle_convergence', 'double_bottom', 'double_top', 'head_and_shoulders', 'resistance_breakout', 'near_52w_low', 'support_distance_pct', 'cci_20', 'bb_width', 'macd_hist', 'stoch_k', 'return_20d', 'price_vs_ma20', 'volume_ratio_20', 'obv_trend', 'volume_surge']
2026-04-28 14:32:20.061 | INFO     | src.models.explainer:_log_top_features:93 - === Top 15 피처 (SHAP 중요도) ===
2026-04-28 14:32:20.061 | INFO     | src.models.explainer:_log_top_features:96 -    1. volatility_20                  0.03922 ████████████████████
2026-04-28 14:32:20.061 | INFO     | src.models.explainer:_log_top_features:96 -    2. near_52w_high                  0.01445 ███████
2026-04-28 14:32:20.062 | INFO     | src.models.explainer:_log_top_features:96 -    3. rsi_14                         0.01029 █████
2026-04-28 14:32:20.062 | INFO     | src.models.explainer:_log_top_features:96 -    4. return_60d                     0.00584 ██
2026-04-28 14:32:20.062 | INFO     | src.models.explainer:_log_top_features:96 -    5. return_5d                      0.00470 ██
2026-04-28 14:32:20.063 | INFO     | src.models.explainer:_log_top_features:96 -    6. bb_pct_b                       0.00238 █
2026-04-28 14:32:20.063 | INFO     | src.models.explainer:_log_top_features:96 -    7. stoch_d                        0.00130 
2026-04-28 14:32:20.063 | INFO     | src.models.explainer:_log_top_features:96 -    8. atr_14                         0.00108 
2026-04-28 14:32:20.063 | INFO     | src.models.explainer:_log_top_features:96 -    9. price_vs_ma60                  0.00049 
2026-04-28 14:32:20.063 | INFO     | src.models.explainer:_log_top_features:96 -   10. trend_slope_20                 0.00018 
2026-04-28 14:32:20.064 | INFO     | src.models.explainer:_log_top_features:96 -   11. golden_cross                   0.00000 
2026-04-28 14:32:20.064 | INFO     | src.models.explainer:_log_top_features:96 -   12. ma_alignment_bear              0.00000 
2026-04-28 14:32:20.064 | INFO     | src.models.explainer:_log_top_features:96 -   13. ma_alignment_bull              0.00000 
2026-04-28 14:32:20.064 | INFO     | src.models.explainer:_log_top_features:96 -   14. dead_cross                     0.00000 
2026-04-28 14:32:20.064 | INFO     | src.models.explainer:_log_top_features:96 -   15. cdl_hammer                     0.00000 
2026-04-28 14:32:20.071 | INFO     | src.models.explainer:save_importance:116 - SHAP importance saved → data\reports\shap_importance.csv
2026-04-28 14:32:20.073 | INFO     | src.models.explainer:save_shap_values:127 - SHAP values saved → data\models\shap_values.pkl
2026-04-28 14:32:20.073 | WARNING  | src.models.explainer:try_save_plot:157 - SHAP plot 저장 실패 (무시): No module named 'matplotlib'
2026-04-28 14:32:20.073 | INFO     | __main__:main:143 - ============================================================
2026-04-28 14:32:20.073 | INFO     | __main__:main:144 - Phase 3 완료
2026-04-28 14:32:20.073 | INFO     | __main__:main:145 -   모델: data/models/xgb_model.json
2026-04-28 14:32:20.073 | INFO     | __main__:main:146 -   평가: data/reports/evaluation.json
2026-04-28 14:32:20.073 | INFO     | __main__:main:147 - ============================================================
2026-04-28 14:38:48.090 | INFO     | __main__:main:57 - [1/4] features_all.parquet 로드 중...
2026-04-28 14:38:48.363 | INFO     | __main__:main:59 -   로드 완료: 1,943,565행, 503개 종목
2026-04-28 14:38:48.367 | INFO     | __main__:main:62 -   현재 positive rate: 35.01%
2026-04-28 14:38:48.367 | INFO     | __main__:main:65 - [2/4] target 재계산 중... (threshold=2.0%)
2026-04-28 14:38:49.365 | INFO     | __main__:main:69 -   positive rate: 35.01% -> 29.30%
2026-04-28 14:38:49.367 | INFO     | __main__:main:74 - [3/4] 횡단면 정규화 적용 중... (19개 연속형 피처)
2026-04-28 14:38:49.367 | INFO     | __main__:main:75 -   방법: 날짜별 백분위 순위 (0=최하위, 1=최상위)
2026-04-28 14:39:01.315 | INFO     | __main__:main:77 -   완료 (소요: 13.2초)
2026-04-28 14:39:01.316 | INFO     | __main__:main:82 - [4/4] parquet 저장 + train/valid/test 분리 중...
2026-04-28 14:39:03.920 | INFO     | src.features.dataset:build_dataset:59 - Split sizes — train: 1,278,771, valid: 248,928, test: 413,351
2026-04-28 14:39:07.261 | INFO     | src.features.dataset:save_dataset:115 - Dataset saved to data\features/
2026-04-28 14:39:07.266 | INFO     | __main__:main:89 - =======================================================
2026-04-28 14:39:07.266 | INFO     | __main__:main:90 - 데이터셋 재구성 완료
2026-04-28 14:39:07.266 | INFO     | __main__:main:91 -   threshold  : 2.0%
2026-04-28 14:39:07.266 | INFO     | __main__:main:92 -   normalize  : YES
2026-04-28 14:39:07.266 | INFO     | __main__:main:93 -   positive   : 35.01% -> 29.30%
2026-04-28 14:39:07.266 | INFO     | __main__:main:94 -   train      : 1,278,771행
2026-04-28 14:39:07.266 | INFO     | __main__:main:95 -   valid      : 248,928행
2026-04-28 14:39:07.266 | INFO     | __main__:main:96 -   test       : 413,351행
2026-04-28 14:39:07.266 | INFO     | __main__:main:97 -   소요 시간  : 19.2초
2026-04-28 14:39:07.266 | INFO     | __main__:main:98 - =======================================================
2026-04-28 14:39:07.266 | INFO     | __main__:main:99 - 다음: python scripts/train_model.py
2026-04-28 14:39:48.368 | INFO     | __main__:main:47 - ============================================================
2026-04-28 14:39:48.368 | INFO     | __main__:main:48 - Phase 3: XGBoost 모델 학습 시작
2026-04-28 14:39:48.368 | INFO     | __main__:main:49 - ============================================================
2026-04-28 14:39:48.368 | INFO     | __main__:main:52 - [1/5] 데이터셋 로드 중...
2026-04-28 14:39:48.742 | INFO     | __main__:main:62 -   train: (1278771, 38) | valid: (248928, 38) | test: (413351, 38)
2026-04-28 14:39:48.743 | INFO     | __main__:main:65 -   피처 수: 38
2026-04-28 14:39:48.743 | INFO     | __main__:main:70 - [2/5] Optuna 하이퍼파라미터 튜닝 (100 trials)...
2026-04-28 14:39:48.743 | INFO     | src.models.tuner:optimize:44 - Optuna 시작: 100 trials
2026-04-28 14:43:51.811 | INFO     | __main__:main:47 - ============================================================
2026-04-28 14:43:51.812 | INFO     | __main__:main:48 - Phase 3: XGBoost 모델 학습 시작
2026-04-28 14:43:51.822 | INFO     | __main__:main:49 - ============================================================
2026-04-28 14:43:51.822 | INFO     | __main__:main:52 - [1/5] 데이터셋 로드 중...
2026-04-28 14:43:52.416 | INFO     | __main__:main:62 -   train: (1278771, 38) | valid: (248928, 38) | test: (413351, 38)
2026-04-28 14:43:52.416 | INFO     | __main__:main:65 -   피처 수: 38
2026-04-28 14:43:52.416 | INFO     | __main__:main:70 - [2/5] Optuna 하이퍼파라미터 튜닝 (100 trials)...
2026-04-28 14:43:52.416 | INFO     | src.models.tuner:optimize:44 - Optuna 시작: 100 trials
2026-04-28 14:44:17.954 | INFO     | src.models.tuner:optimize:99 - Best trial #75: valid_acc=0.5325, train_acc=0.5604, gap=0.0278
2026-04-28 14:44:17.954 | INFO     | src.models.tuner:optimize:105 - Best params: {'n_estimators': 207, 'max_depth': 8, 'learning_rate': 0.29639633602251436, 'subsample': 0.627276579384425, 'colsample_bytree': 0.5182264310430803, 'min_child_weight': 5, 'gamma': 0.27557240437523944, 'reg_alpha': 0.010548956574715268, 'reg_lambda': 0.5725842689477826}
2026-04-28 14:44:17.965 | INFO     | src.models.tuner:save_study:136 - Study saved → data\models\optuna_study.json
2026-04-28 14:44:17.977 | INFO     | __main__:main:76 - Top 5 trials:
2026-04-28 14:44:17.978 | INFO     | __main__:main:78 -   # 75: valid_acc=0.5325, gap=0.0278
2026-04-28 14:44:17.978 | INFO     | __main__:main:78 -   # 84: valid_acc=0.5314, gap=0.0298
2026-04-28 14:44:17.978 | INFO     | __main__:main:78 -   # 90: valid_acc=0.5309, gap=0.0315
2026-04-28 14:44:17.978 | INFO     | __main__:main:78 -   # 32: valid_acc=0.5297, gap=0.0229
2026-04-28 14:44:17.978 | INFO     | __main__:main:78 -   # 13: valid_acc=0.5292, gap=0.0244
2026-04-28 14:44:17.978 | INFO     | __main__:main:83 - [3/5] XGBoost 모델 학습 중...
2026-04-28 14:44:18.015 | INFO     | src.models.trainer:train:60 - scale_pos_weight = 2.5 (neg=913787, pos=364984)
2026-04-28 14:44:23.118 | INFO     | src.models.trainer:train:75 - Train acc: 0.5604 | Valid acc: 0.5325 | Gap: 0.0278
2026-04-28 14:44:23.123 | INFO     | src.models.trainer:save:104 - Model saved → data\models\xgb_model.pkl
2026-04-28 14:44:23.123 | INFO     | __main__:main:89 - [4/5] 모델 성능 평가...
2026-04-28 14:44:26.136 | INFO     | src.models.evaluator:_log_metrics:147 - [TRAIN] acc=0.5604 | prec=0.3393 | rec=0.5705 | f1=0.4256 | auc=0.5921
2026-04-28 14:44:26.669 | INFO     | src.models.evaluator:_log_metrics:147 - [VALID] acc=0.5325 | prec=0.3503 | rec=0.5611 | f1=0.4313 | auc=0.5567
2026-04-28 14:44:27.645 | INFO     | src.models.evaluator:_log_metrics:147 - [TEST ] acc=0.5425 | prec=0.3423 | rec=0.5540 | f1=0.4232 | auc=0.5638
2026-04-28 14:44:27.645 | INFO     | src.models.evaluator:_check_phase3_criteria:99 - ==================================================
2026-04-28 14:44:27.645 | INFO     | src.models.evaluator:_check_phase3_criteria:100 - [ Phase 3 성능 기준 체크 ]
2026-04-28 14:44:27.645 | INFO     | src.models.evaluator:_check_phase3_criteria:101 -   검증 정확도 55% 이상:  0.5325 → ✗ FAIL
2026-04-28 14:44:27.646 | INFO     | src.models.evaluator:_check_phase3_criteria:104 -   과적합 gap 5% 이내:   0.0279 → ✓ PASS
2026-04-28 14:44:27.647 | INFO     | src.models.evaluator:_check_phase3_criteria:107 - ==================================================
2026-04-28 14:44:27.647 | WARNING  | src.models.evaluator:_check_phase3_criteria:110 - 검증 정확도가 목표(55%) 미달입니다. 피처/파라미터를 재검토하세요.
2026-04-28 14:44:27.647 | INFO     | src.models.evaluator:save_report:143 - Evaluation report saved → data\reports\evaluation.json
2026-04-28 14:44:27.647 | INFO     | __main__:main:106 - [5/5] SHAP 피처 중요도 분석 중...
2026-04-28 14:44:27.654 | INFO     | src.models.explainer:fit_transform:55 - SHAP 샘플링: 248,928 → 5,000행
2026-04-28 14:44:27.655 | INFO     | src.models.explainer:fit_transform:59 - SHAP TreeExplainer 초기화 중...
2026-04-28 14:44:27.678 | INFO     | src.models.explainer:fit_transform:62 - SHAP 값 계산 중... (수 분 소요될 수 있음)
2026-04-28 14:44:27.776 | INFO     | src.models.explainer:fit_transform:83 - 하위 10% 제거 후보 (15개): ['cdl_hammer', 'dead_cross', 'ma_alignment_bull', 'double_top', 'cdl_morning_star', 'cdl_three_crows', 'resistance_distance_pct', 'cdl_doji', 'resistance_breakout', 'near_52w_high', 'cdl_engulfing', 'cdl_evening_star', 'cci_20', 'macd_hist', 'price_vs_ma60']
2026-04-28 14:44:27.776 | INFO     | src.models.explainer:_log_top_features:93 - === Top 15 피처 (SHAP 중요도) ===
2026-04-28 14:44:27.776 | INFO     | src.models.explainer:_log_top_features:96 -    1. volatility_20                  0.08633 ████████████████████
2026-04-28 14:44:27.777 | INFO     | src.models.explainer:_log_top_features:96 -    2. ma_alignment_bear              0.03084 ███████
2026-04-28 14:44:27.777 | INFO     | src.models.explainer:_log_top_features:96 -    3. support_distance_pct           0.01257 ██
2026-04-28 14:44:27.778 | INFO     | src.models.explainer:_log_top_features:96 -    4. cdl_three_soldiers             0.01174 ██
2026-04-28 14:44:27.778 | INFO     | src.models.explainer:_log_top_features:96 -    5. return_60d                     0.01097 ██
2026-04-28 14:44:27.778 | INFO     | src.models.explainer:_log_top_features:96 -    6. rsi_14                         0.01045 ██
2026-04-28 14:44:27.779 | INFO     | src.models.explainer:_log_top_features:96 -    7. return_20d                     0.00902 ██
2026-04-28 14:44:27.779 | INFO     | src.models.explainer:_log_top_features:96 -    8. bb_pct_b                       0.00886 ██
2026-04-28 14:44:27.779 | INFO     | src.models.explainer:_log_top_features:96 -    9. price_vs_ma20                  0.00824 █
2026-04-28 14:44:27.780 | INFO     | src.models.explainer:_log_top_features:96 -   10. bb_width                       0.00671 █
2026-04-28 14:44:27.780 | INFO     | src.models.explainer:_log_top_features:96 -   11. atr_14                         0.00560 █
2026-04-28 14:44:27.781 | INFO     | src.models.explainer:_log_top_features:96 -   12. return_5d                      0.00494 █
2026-04-28 14:44:27.781 | INFO     | src.models.explainer:_log_top_features:96 -   13. double_bottom                  0.00491 █
2026-04-28 14:44:27.781 | INFO     | src.models.explainer:_log_top_features:96 -   14. stoch_d                        0.00430 
2026-04-28 14:44:27.781 | INFO     | src.models.explainer:_log_top_features:96 -   15. volume_ratio_20                0.00310 
2026-04-28 14:44:27.788 | INFO     | src.models.explainer:save_importance:116 - SHAP importance saved → data\reports\shap_importance.csv
2026-04-28 14:44:27.790 | INFO     | src.models.explainer:save_shap_values:127 - SHAP values saved → data\models\shap_values.pkl
2026-04-28 14:44:27.790 | WARNING  | src.models.explainer:try_save_plot:157 - SHAP plot 저장 실패 (무시): No module named 'matplotlib'
2026-04-28 14:44:27.791 | INFO     | __main__:main:143 - ============================================================
2026-04-28 14:44:27.791 | INFO     | __main__:main:144 - Phase 3 완료
2026-04-28 14:44:27.791 | INFO     | __main__:main:145 -   모델: data/models/xgb_model.json
2026-04-28 14:44:27.791 | INFO     | __main__:main:146 -   평가: data/reports/evaluation.json
2026-04-28 14:44:27.791 | INFO     | __main__:main:147 - ============================================================
2026-04-28 14:48:30.947 | INFO     | src.models.tuner:optimize:99 - Best trial #75: valid_acc=0.5325, train_acc=0.5604, gap=0.0278
2026-04-28 14:48:30.947 | INFO     | src.models.tuner:optimize:105 - Best params: {'n_estimators': 207, 'max_depth': 8, 'learning_rate': 0.29639633602251436, 'subsample': 0.627276579384425, 'colsample_bytree': 0.5182264310430803, 'min_child_weight': 5, 'gamma': 0.27557240437523944, 'reg_alpha': 0.010548956574715268, 'reg_lambda': 0.5725842689477826}
2026-04-28 14:48:30.961 | INFO     | src.models.tuner:save_study:136 - Study saved → data\models\optuna_study.json
2026-04-28 14:48:30.970 | INFO     | __main__:main:76 - Top 5 trials:
2026-04-28 14:48:30.970 | INFO     | __main__:main:78 -   # 75: valid_acc=0.5325, gap=0.0278
2026-04-28 14:48:30.970 | INFO     | __main__:main:78 -   # 84: valid_acc=0.5314, gap=0.0298
2026-04-28 14:48:30.970 | INFO     | __main__:main:78 -   # 90: valid_acc=0.5309, gap=0.0315
2026-04-28 14:48:30.970 | INFO     | __main__:main:78 -   # 32: valid_acc=0.5297, gap=0.0229
2026-04-28 14:48:30.970 | INFO     | __main__:main:78 -   # 13: valid_acc=0.5292, gap=0.0244
2026-04-28 14:48:30.971 | INFO     | __main__:main:83 - [3/5] XGBoost 모델 학습 중...
2026-04-28 14:48:30.974 | INFO     | src.models.trainer:train:60 - scale_pos_weight = 2.5 (neg=913787, pos=364984)
2026-04-28 14:48:34.168 | INFO     | src.models.trainer:train:75 - Train acc: 0.5604 | Valid acc: 0.5325 | Gap: 0.0278
2026-04-28 14:48:34.172 | INFO     | src.models.trainer:save:104 - Model saved → data\models\xgb_model.pkl
2026-04-28 14:48:34.172 | INFO     | __main__:main:89 - [4/5] 모델 성능 평가...
2026-04-28 14:48:36.235 | INFO     | src.models.evaluator:_log_metrics:147 - [TRAIN] acc=0.5604 | prec=0.3393 | rec=0.5705 | f1=0.4256 | auc=0.5921
2026-04-28 14:48:36.573 | INFO     | src.models.evaluator:_log_metrics:147 - [VALID] acc=0.5325 | prec=0.3503 | rec=0.5611 | f1=0.4313 | auc=0.5567
2026-04-28 14:48:37.128 | INFO     | src.models.evaluator:_log_metrics:147 - [TEST ] acc=0.5425 | prec=0.3423 | rec=0.5540 | f1=0.4232 | auc=0.5638
2026-04-28 14:48:37.129 | INFO     | src.models.evaluator:_check_phase3_criteria:99 - ==================================================
2026-04-28 14:48:37.129 | INFO     | src.models.evaluator:_check_phase3_criteria:100 - [ Phase 3 성능 기준 체크 ]
2026-04-28 14:48:37.130 | INFO     | src.models.evaluator:_check_phase3_criteria:101 -   검증 정확도 55% 이상:  0.5325 → ✗ FAIL
2026-04-28 14:48:37.130 | INFO     | src.models.evaluator:_check_phase3_criteria:104 -   과적합 gap 5% 이내:   0.0279 → ✓ PASS
2026-04-28 14:48:37.130 | INFO     | src.models.evaluator:_check_phase3_criteria:107 - ==================================================
2026-04-28 14:48:37.130 | WARNING  | src.models.evaluator:_check_phase3_criteria:110 - 검증 정확도가 목표(55%) 미달입니다. 피처/파라미터를 재검토하세요.
2026-04-28 14:48:37.132 | INFO     | src.models.evaluator:save_report:143 - Evaluation report saved → data\reports\evaluation.json
2026-04-28 14:48:37.133 | INFO     | __main__:main:106 - [5/5] SHAP 피처 중요도 분석 중...
2026-04-28 14:48:37.141 | INFO     | src.models.explainer:fit_transform:55 - SHAP 샘플링: 248,928 → 5,000행
2026-04-28 14:48:37.141 | INFO     | src.models.explainer:fit_transform:59 - SHAP TreeExplainer 초기화 중...
2026-04-28 14:48:37.152 | INFO     | src.models.explainer:fit_transform:62 - SHAP 값 계산 중... (수 분 소요될 수 있음)
2026-04-28 14:48:37.203 | INFO     | src.models.explainer:fit_transform:83 - 하위 10% 제거 후보 (15개): ['cdl_hammer', 'dead_cross', 'ma_alignment_bull', 'double_top', 'cdl_morning_star', 'cdl_three_crows', 'resistance_distance_pct', 'cdl_doji', 'resistance_breakout', 'near_52w_high', 'cdl_engulfing', 'cdl_evening_star', 'cci_20', 'macd_hist', 'price_vs_ma60']
2026-04-28 14:48:37.203 | INFO     | src.models.explainer:_log_top_features:93 - === Top 15 피처 (SHAP 중요도) ===
2026-04-28 14:48:37.204 | INFO     | src.models.explainer:_log_top_features:96 -    1. volatility_20                  0.08633 ████████████████████
2026-04-28 14:48:37.204 | INFO     | src.models.explainer:_log_top_features:96 -    2. ma_alignment_bear              0.03084 ███████
2026-04-28 14:48:37.204 | INFO     | src.models.explainer:_log_top_features:96 -    3. support_distance_pct           0.01257 ██
2026-04-28 14:48:37.205 | INFO     | src.models.explainer:_log_top_features:96 -    4. cdl_three_soldiers             0.01174 ██
2026-04-28 14:48:37.205 | INFO     | src.models.explainer:_log_top_features:96 -    5. return_60d                     0.01097 ██
2026-04-28 14:48:37.205 | INFO     | src.models.explainer:_log_top_features:96 -    6. rsi_14                         0.01045 ██
2026-04-28 14:48:37.205 | INFO     | src.models.explainer:_log_top_features:96 -    7. return_20d                     0.00902 ██
2026-04-28 14:48:37.206 | INFO     | src.models.explainer:_log_top_features:96 -    8. bb_pct_b                       0.00886 ██
2026-04-28 14:48:37.206 | INFO     | src.models.explainer:_log_top_features:96 -    9. price_vs_ma20                  0.00824 █
2026-04-28 14:48:37.206 | INFO     | src.models.explainer:_log_top_features:96 -   10. bb_width                       0.00671 █
2026-04-28 14:48:37.206 | INFO     | src.models.explainer:_log_top_features:96 -   11. atr_14                         0.00560 █
2026-04-28 14:48:37.206 | INFO     | src.models.explainer:_log_top_features:96 -   12. return_5d                      0.00494 █
2026-04-28 14:48:37.207 | INFO     | src.models.explainer:_log_top_features:96 -   13. double_bottom                  0.00491 █
2026-04-28 14:48:37.207 | INFO     | src.models.explainer:_log_top_features:96 -   14. stoch_d                        0.00430 
2026-04-28 14:48:37.207 | INFO     | src.models.explainer:_log_top_features:96 -   15. volume_ratio_20                0.00310 
2026-04-28 14:48:37.214 | INFO     | src.models.explainer:save_importance:116 - SHAP importance saved → data\reports\shap_importance.csv
2026-04-28 14:48:37.216 | INFO     | src.models.explainer:save_shap_values:127 - SHAP values saved → data\models\shap_values.pkl
2026-04-28 14:48:37.216 | WARNING  | src.models.explainer:try_save_plot:157 - SHAP plot 저장 실패 (무시): No module named 'matplotlib'
2026-04-28 14:48:37.216 | INFO     | __main__:main:115 - 하위 피처 15개 제거 후 재학습 (38 → 23 피처)
2026-04-28 14:48:37.262 | INFO     | src.models.trainer:train:60 - scale_pos_weight = 2.5 (neg=913787, pos=364984)
2026-04-28 14:48:39.938 | INFO     | src.models.trainer:train:75 - Train acc: 0.5705 | Valid acc: 0.5352 | Gap: 0.0354
2026-04-28 14:48:39.955 | INFO     | src.models.trainer:save:104 - Model saved → data\models\xgb_model_filtered.pkl
2026-04-28 14:48:42.133 | INFO     | src.models.evaluator:_log_metrics:147 - [TRAIN] acc=0.5705 | prec=0.3455 | rec=0.5644 | f1=0.4286 | auc=0.6002
2026-04-28 14:48:42.479 | INFO     | src.models.evaluator:_log_metrics:147 - [VALID] acc=0.5352 | prec=0.3509 | rec=0.5549 | f1=0.4300 | auc=0.5569
2026-04-28 14:48:43.039 | INFO     | src.models.evaluator:_log_metrics:147 - [TEST ] acc=0.5461 | prec=0.3426 | rec=0.5425 | f1=0.4199 | auc=0.5627
2026-04-28 14:48:43.039 | INFO     | src.models.evaluator:_check_phase3_criteria:99 - ==================================================
2026-04-28 14:48:43.040 | INFO     | src.models.evaluator:_check_phase3_criteria:100 - [ Phase 3 성능 기준 체크 ]
2026-04-28 14:48:43.040 | INFO     | src.models.evaluator:_check_phase3_criteria:101 -   검증 정확도 55% 이상:  0.5352 → ✗ FAIL
2026-04-28 14:48:43.041 | INFO     | src.models.evaluator:_check_phase3_criteria:104 -   과적합 gap 5% 이내:   0.0353 → ✓ PASS
2026-04-28 14:48:43.041 | INFO     | src.models.evaluator:_check_phase3_criteria:107 - ==================================================
2026-04-28 14:48:43.042 | WARNING  | src.models.evaluator:_check_phase3_criteria:110 - 검증 정확도가 목표(55%) 미달입니다. 피처/파라미터를 재검토하세요.
2026-04-28 14:48:43.054 | INFO     | src.models.evaluator:save_report:143 - Evaluation report saved → data\reports\evaluation_filtered.json
2026-04-28 14:48:43.054 | INFO     | __main__:main:136 - 재학습 완료.
2026-04-28 14:48:43.055 | INFO     | __main__:main:143 - ============================================================
2026-04-28 14:48:43.055 | INFO     | __main__:main:144 - Phase 3 완료
2026-04-28 14:48:43.055 | INFO     | __main__:main:145 -   모델: data/models/xgb_model.json
2026-04-28 14:48:43.056 | INFO     | __main__:main:146 -   평가: data/reports/evaluation.json
2026-04-28 14:48:43.056 | INFO     | __main__:main:147 - ============================================================
2026-04-28 15:03:07.662 | INFO     | __main__:main:35 - ============================================================
2026-04-28 15:03:07.663 | INFO     | __main__:main:36 - Phase 4: 백테스트 시작
2026-04-28 15:03:07.663 | INFO     | __main__:main:37 - ============================================================
2026-04-28 15:03:07.663 | INFO     | __main__:main:38 -   전략: 상위 20개 종목 / 주간 리밸런싱 / 거래비용 0.1%
2026-04-28 15:03:07.663 | INFO     | __main__:main:39 -   자본: $100,000 | 데이터: test
2026-04-28 15:03:07.663 | INFO     | __main__:main:42 - [1/4] 모델 예측 생성 중...
2026-04-28 15:03:07.663 | INFO     | src.backtest.predictor:generate_predictions:26 - 예측 생성 중... (model=xgb_model, split=test)
2026-04-28 15:03:07.688 | INFO     | src.models.trainer:load:124 - Model loaded ← data\models\xgb_model.pkl
2026-04-28 15:03:08.949 | INFO     | src.backtest.predictor:generate_predictions:59 - 예측 완료: 413,351행 | 503개 종목 | 2023-01-03 ~ 2026-04-20
2026-04-28 15:03:09.021 | INFO     | __main__:main:45 -   예측 건수: 413,351 | 평균 확률: 0.4976 | 중앙값: 0.4984
2026-04-28 15:03:09.021 | INFO     | __main__:main:50 - [2/4] 포트폴리오 시뮬레이션 중...
2026-04-28 15:03:09.472 | INFO     | src.backtest.simulator:run:104 - 백테스트 완료: 173주 | 평균 주간 수익률: 0.0079
2026-04-28 15:03:09.473 | INFO     | __main__:main:60 -   리밸런싱 횟수: 173회
2026-04-28 15:03:09.474 | INFO     | __main__:main:61 -   평균 주간 수익률(세전): +0.0093
2026-04-28 15:03:09.474 | INFO     | __main__:main:62 -   평균 주간 수익률(세후): +0.0079
2026-04-28 15:03:09.474 | INFO     | __main__:main:63 -   평균 턴오버: 68.55%
2026-04-28 15:03:09.474 | INFO     | __main__:main:66 - [3/4] 성과 분석 중...
2026-04-28 15:03:09.475 | INFO     | src.backtest.reporter:fetch_benchmark:33 - 벤치마크 다운로드: SPY (2023-01-03 ~ 2026-04-20)
2026-04-28 15:04:19.368 | INFO     | __main__:main:35 - ============================================================
2026-04-28 15:04:19.368 | INFO     | __main__:main:36 - Phase 4: 백테스트 시작
2026-04-28 15:04:19.368 | INFO     | __main__:main:37 - ============================================================
2026-04-28 15:04:19.368 | INFO     | __main__:main:38 -   전략: 상위 20개 종목 / 주간 리밸런싱 / 거래비용 0.1%
2026-04-28 15:04:19.368 | INFO     | __main__:main:39 -   자본: $100,000 | 데이터: test
2026-04-28 15:04:19.370 | INFO     | __main__:main:42 - [1/4] 모델 예측 생성 중...
2026-04-28 15:04:19.370 | INFO     | src.backtest.predictor:generate_predictions:26 - 예측 생성 중... (model=xgb_model, split=test)
2026-04-28 15:04:19.377 | INFO     | src.models.trainer:load:124 - Model loaded ← data\models\xgb_model.pkl
2026-04-28 15:04:20.495 | INFO     | src.backtest.predictor:generate_predictions:59 - 예측 완료: 413,351행 | 503개 종목 | 2023-01-03 ~ 2026-04-20
2026-04-28 15:04:20.557 | INFO     | __main__:main:45 -   예측 건수: 413,351 | 평균 확률: 0.4976 | 중앙값: 0.4984
2026-04-28 15:04:20.557 | INFO     | __main__:main:50 - [2/4] 포트폴리오 시뮬레이션 중...
2026-04-28 15:04:20.886 | INFO     | src.backtest.simulator:run:104 - 백테스트 완료: 173주 | 평균 주간 수익률: 0.0079
2026-04-28 15:04:20.887 | INFO     | __main__:main:60 -   리밸런싱 횟수: 173회
2026-04-28 15:04:20.887 | INFO     | __main__:main:61 -   평균 주간 수익률(세전): +0.0093
2026-04-28 15:04:20.887 | INFO     | __main__:main:62 -   평균 주간 수익률(세후): +0.0079
2026-04-28 15:04:20.887 | INFO     | __main__:main:63 -   평균 턴오버: 68.55%
2026-04-28 15:04:20.887 | INFO     | __main__:main:66 - [3/4] 성과 분석 중...
2026-04-28 15:04:20.887 | INFO     | src.backtest.reporter:fetch_benchmark:33 - 벤치마크 다운로드: SPY (2023-01-03 ~ 2026-04-20)
2026-04-28 15:04:22.403 | INFO     | src.backtest.reporter:save_json:136 - 백테스트 결과 저장 -> data\reports\backtest_result.json
2026-04-28 15:04:22.403 | INFO     | __main__:main:74 - [4/4] 리포트 저장 중...
2026-04-28 15:04:22.409 | INFO     | __main__:main:82 -   주간 수익률 -> data\reports\backtest_weekly.csv
2026-04-28 15:04:22.412 | INFO     | __main__:main:87 -   일별 수익률 -> data\reports\backtest_daily_returns.csv
2026-04-28 15:04:22.412 | INFO     | __main__:main:92 - ============================================================
2026-04-28 15:04:22.412 | INFO     | __main__:main:93 - Phase 4 완료
2026-04-28 15:04:22.412 | INFO     | __main__:main:94 -   결과: data/reports/backtest_result.json
2026-04-28 15:04:22.412 | INFO     | __main__:main:95 -   주간: data/reports/backtest_weekly.csv
2026-04-28 15:04:22.412 | INFO     | __main__:main:98 - ============================================================
2026-04-28 15:06:06.055 | INFO     | __main__:main:35 - ============================================================
2026-04-28 15:06:06.055 | INFO     | __main__:main:36 - Phase 4: 백테스트 시작
2026-04-28 15:06:06.055 | INFO     | __main__:main:37 - ============================================================
2026-04-28 15:06:06.056 | INFO     | __main__:main:38 -   전략: 상위 20개 종목 / 주간 리밸런싱 / 거래비용 0.1%
2026-04-28 15:06:06.056 | INFO     | __main__:main:39 -   자본: $100,000 | 데이터: test
2026-04-28 15:06:06.056 | INFO     | __main__:main:42 - [1/4] 모델 예측 생성 중...
2026-04-28 15:06:06.056 | INFO     | src.backtest.predictor:generate_predictions:26 - 예측 생성 중... (model=xgb_model, split=test)
2026-04-28 15:06:06.062 | INFO     | src.models.trainer:load:124 - Model loaded ← data\models\xgb_model.pkl
2026-04-28 15:06:07.114 | INFO     | src.backtest.predictor:generate_predictions:59 - 예측 완료: 413,351행 | 503개 종목 | 2023-01-03 ~ 2026-04-20
2026-04-28 15:06:07.150 | INFO     | __main__:main:45 -   예측 건수: 413,351 | 평균 확률: 0.4976 | 중앙값: 0.4984
2026-04-28 15:06:07.150 | INFO     | __main__:main:50 - [2/4] 포트폴리오 시뮬레이션 중...
2026-04-28 15:06:07.511 | INFO     | src.backtest.simulator:run:104 - 백테스트 완료: 173주 | 평균 주간 수익률: 0.0079
2026-04-28 15:06:07.513 | INFO     | __main__:main:60 -   리밸런싱 횟수: 173회
2026-04-28 15:06:07.513 | INFO     | __main__:main:61 -   평균 주간 수익률(세전): +0.0093
2026-04-28 15:06:07.513 | INFO     | __main__:main:62 -   평균 주간 수익률(세후): +0.0079
2026-04-28 15:06:07.513 | INFO     | __main__:main:63 -   평균 턴오버: 68.55%
2026-04-28 15:06:07.514 | INFO     | __main__:main:66 - [3/4] 성과 분석 중...
2026-04-28 15:06:07.514 | INFO     | src.backtest.reporter:fetch_benchmark:33 - 벤치마크 다운로드: SPY (2023-01-03 ~ 2026-04-20)
2026-04-28 15:06:08.740 | INFO     | src.backtest.reporter:save_json:136 - 백테스트 결과 저장 -> data\reports\backtest_result.json
2026-04-28 15:06:08.740 | INFO     | __main__:main:74 - [4/4] 리포트 저장 중...
2026-04-28 15:06:08.744 | INFO     | __main__:main:82 -   주간 수익률 -> data\reports\backtest_weekly.csv
2026-04-28 15:06:08.746 | INFO     | __main__:main:87 -   일별 수익률 -> data\reports\backtest_daily_returns.csv
2026-04-28 15:06:11.725 | INFO     | src.backtest.reporter:save_quantstats_report:167 - Quantstats HTML 리포트 저장 -> data\reports\backtest_qs.html
2026-04-28 15:06:11.725 | INFO     | __main__:main:92 - ============================================================
2026-04-28 15:06:11.725 | INFO     | __main__:main:93 - Phase 4 완료
2026-04-28 15:06:11.725 | INFO     | __main__:main:94 -   결과: data/reports/backtest_result.json
2026-04-28 15:06:11.725 | INFO     | __main__:main:95 -   주간: data/reports/backtest_weekly.csv
2026-04-28 15:06:11.725 | INFO     | __main__:main:97 -   HTML: data/reports/backtest_qs.html
2026-04-28 15:06:11.725 | INFO     | __main__:main:98 - ============================================================
